#
# There is insufficient memory for the Java Runtime Environment to continue.
# Native memory allocation (mmap) failed to map 65536 bytes. Error detail: Failed to commit metaspace.
# Possible reasons:
#   The system is out of physical RAM or swap space
#   This process is running with CompressedOops enabled, and the Java Heap may be blocking the growth of the native heap
# Possible solutions:
#   Reduce memory load on the system
#   Increase physical memory or swap space
#   Check if swap backing store is full
#   Decrease Java heap size (-Xmx/-Xms)
#   Decrease number of Java threads
#   Decrease Java thread stack sizes (-Xss)
#   Set larger code cache with -XX:ReservedCodeCacheSize=
#   JVM is running with Unscaled Compressed Oops mode in which the Java heap is
#     placed in the first 4GB address space. The Java Heap base address is the
#     maximum limit for the native heap growth. Please use -XX:HeapBaseMinAddress
#     to set the Java Heap base and to place the Java Heap above 4GB virtual address.
# This output file may be truncated or incomplete.
#
#  Out of Memory Error (virtualSpaceNode.cpp:113), pid=2708, tid=17760
#
# JRE version: Java(TM) SE Runtime Environment (26.0.1+8) (build 26.0.1+8-34)
# Java VM: Java HotSpot(TM) 64-Bit Server VM (26.0.1+8-34, mixed mode, emulated-client, sharing, tiered, compressed oops, compressed class ptrs, g1 gc, windows-amd64)
# No core dump will be written. Minidumps are not enabled by default on client versions of Windows
#

---------------  S U M M A R Y ------------

Command Line: -XX:TieredStopAtLevel=1 com.plateform.multiplayer_platform.MultiplayerPlatformApplication

Host: AMD 3020e with Radeon Graphics                 , 2 cores, 5G,  Windows 11 , 64 bit Build 26100 (10.0.26100.9444)
Time: Wed Sep 23 21:49:29 2026 India Standard Time elapsed time: 8.391372 seconds (0d 0h 0m 8s)

---------------  T H R E A D  ---------------

Current thread (0x000001ca5126f970):  JavaThread "main"             [_thread_in_vm, id=17760, stack(0x00000069b1600000,0x00000069b1700000) (1024K)]

Stack: [0x00000069b1600000,0x00000069b1700000]
Native frames: (J=compiled Java code, j=interpreted, Vv=VM code, C=native code)
V  [jvm.dll+0x7d5879]  (no source info available)
V  [jvm.dll+0x7a37dd]  (no source info available)
V  [jvm.dll+0x9b0c10]  (no source info available)
V  [jvm.dll+0x9b3061]  (no source info available)
V  [jvm.dll+0x9b3773]  (no source info available)
V  [jvm.dll+0x30df76]  (no source info available)
V  [jvm.dll+0x9ad9ce]  (no source info available)
V  [jvm.dll+0x773cd4]  (no source info available)
V  [jvm.dll+0x268f28]  (no source info available)
V  [jvm.dll+0x268cee]  (no source info available)
V  [jvm.dll+0x7766e2]  (no source info available)
V  [jvm.dll+0x7763b5]  (no source info available)
V  [jvm.dll+0x2aba92]  (no source info available)
V  [jvm.dll+0x7746fe]  (no source info available)
V  [jvm.dll+0x30902f]  (no source info available)
V  [jvm.dll+0x309569]  (no source info available)
V  [jvm.dll+0x837802]  (no source info available)
V  [jvm.dll+0x8385af]  (no source info available)
V  [jvm.dll+0x4754d2]  (no source info available)
V  [jvm.dll+0x473fdd]  (no source info available)
V  [jvm.dll+0x47499b]  (no source info available)
V  [jvm.dll+0x48697d]  (no source info available)
C  0x000001ca5c259087  (no source info available)

The last pc belongs to new (printed below).
Java frames: (J=compiled Java code, j=interpreted, Vv=VM code)
j  com.mysql.cj.NativeSession.loadServerVariables(Ljava/util/concurrent/locks/Lock;Ljava/lang/String;)V+821
j  com.mysql.cj.jdbc.ConnectionImpl.initializePropsFromServer()V+117
j  com.mysql.cj.jdbc.ConnectionImpl.connectOneTryOnly(Z)V+72
j  com.mysql.cj.jdbc.ConnectionImpl.createNewIO(Z)V+31
j  com.mysql.cj.jdbc.ConnectionImpl.<init>(Lcom/mysql/cj/conf/HostInfo;)V+989
j  com.mysql.cj.jdbc.ConnectionImpl.getInstance(Lcom/mysql/cj/conf/HostInfo;)Lcom/mysql/cj/jdbc/JdbcConnection;+5
j  com.mysql.cj.jdbc.NonRegisteringDriver.connect(Ljava/lang/String;Ljava/util/Properties;)Ljava/sql/Connection;+72
j  com.zaxxer.hikari.util.DriverDataSource.getConnection(Ljava/lang/String;Ljava/lang/String;)Ljava/sql/Connection;+61
j  com.zaxxer.hikari.pool.PoolBase.newConnection(Z)Ljava/sql/Connection;+74
j  com.zaxxer.hikari.pool.PoolBase.newPoolEntry(Z)Lcom/zaxxer/hikari/pool/PoolEntry;+6
j  com.zaxxer.hikari.pool.HikariPool.createPoolEntry()Lcom/zaxxer/hikari/pool/PoolEntry;+13
j  com.zaxxer.hikari.pool.HikariPool.checkFailFast()V+20
j  com.zaxxer.hikari.pool.HikariPool.<init>(Lcom/zaxxer/hikari/HikariConfig;)V+163
j  com.zaxxer.hikari.HikariDataSource.getConnection()Ljava/sql/Connection;+82
j  org.hibernate.engine.jdbc.connections.internal.DataSourceConnectionProvider.getConnection()Ljava/sql/Connection;+48
j  org.hibernate.engine.jdbc.env.internal.JdbcEnvironmentInitiator$ConnectionProviderJdbcConnectionAccess.obtainConnection()Ljava/sql/Connection;+4
j  org.hibernate.resource.transaction.backend.jdbc.internal.JdbcIsolationDelegate.delegateWork(Lorg/hibernate/jdbc/WorkExecutorVisitable;Z)Ljava/lang/Object;+4
j  org.hibernate.engine.jdbc.env.internal.JdbcEnvironmentInitiator.getJdbcEnvironmentUsingJdbcMetadata(Lorg/hibernate/engine/jdbc/env/JdbcMetadataOnBoot;Ljava/util/Map;Lorg/hibernate/service/spi/ServiceRegistryImplementor;Lorg/hibernate/engine/jdbc/dialect/spi/DialectFactory;Ljava/lang/String;Ljava/lang/Integer;Ljava/lang/Integer;Ljava/lang/String;)Lorg/hibernate/engine/jdbc/env/internal/JdbcEnvironmentImpl;+115
j  org.hibernate.engine.jdbc.env.internal.JdbcEnvironmentInitiator.getJdbcEnvironment(Ljava/util/Map;Lorg/hibernate/service/spi/ServiceRegistryImplementor;Ljava/lang/String;Ljava/lang/Integer;Ljava/lang/Integer;Ljava/lang/String;)Lorg/hibernate/engine/jdbc/env/spi/JdbcEnvironment;+41
j  org.hibernate.engine.jdbc.env.internal.JdbcEnvironmentInitiator.initiateService(Ljava/util/Map;Lorg/hibernate/service/spi/ServiceRegistryImplementor;)Lorg/hibernate/engine/jdbc/env/spi/JdbcEnvironment;+101
j  org.hibernate.engine.jdbc.env.internal.JdbcEnvironmentInitiator.initiateService(Ljava/util/Map;Lorg/hibernate/service/spi/ServiceRegistryImplementor;)Lorg/hibernate/service/Service;+3
j  org.hibernate.boot.registry.internal.StandardServiceRegistryImpl.initiateService(Lorg/hibernate/service/spi/ServiceInitiator;)Lorg/hibernate/service/Service;+9
j  org.hibernate.service.internal.AbstractServiceRegistryImpl.createService(Lorg/hibernate/service/spi/ServiceBinding;)Lorg/hibernate/service/Service;+26
j  org.hibernate.service.internal.AbstractServiceRegistryImpl.initializeService(Lorg/hibernate/service/spi/ServiceBinding;)Lorg/hibernate/service/Service;+28
j  org.hibernate.service.internal.AbstractServiceRegistryImpl.getService(Ljava/lang/Class;)Lorg/hibernate/service/Service;+112
j  org.hibernate.boot.model.relational.Database.<init>(Lorg/hibernate/boot/spi/MetadataBuildingOptions;)V+10
j  org.hibernate.boot.internal.InFlightMetadataCollectorImpl.getDatabase()Lorg/hibernate/boot/model/relational/Database;+16
j  org.hibernate.boot.internal.InFlightMetadataCollectorImpl.<init>(Lorg/hibernate/boot/spi/BootstrapContext;Lorg/hibernate/boot/spi/MetadataBuildingOptions;)V+365
j  org.hibernate.boot.model.process.spi.MetadataBuildingProcess.complete(Lorg/hibernate/boot/model/process/spi/ManagedResources;Lorg/hibernate/boot/spi/BootstrapContext;Lorg/hibernate/boot/spi/MetadataBuildingOptions;)Lorg/hibernate/boot/spi/MetadataImplementor;+6
j  org.hibernate.jpa.boot.internal.EntityManagerFactoryBuilderImpl.metadata()Lorg/hibernate/boot/spi/MetadataImplementor;+30
j  org.hibernate.jpa.boot.internal.EntityManagerFactoryBuilderImpl.populateSessionFactoryBuilder()Lorg/hibernate/boot/SessionFactoryBuilder;+1
j  org.hibernate.jpa.boot.internal.EntityManagerFactoryBuilderImpl.build()Ljakarta/persistence/EntityManagerFactory;+3
j  org.springframework.orm.jpa.vendor.SpringHibernateJpaPersistenceProvider.createContainerEntityManagerFactory(Ljakarta/persistence/spi/PersistenceUnitInfo;Ljava/util/Map;)Ljakarta/persistence/EntityManagerFactory;+113
j  org.springframework.orm.jpa.LocalContainerEntityManagerFactoryBean.createNativeEntityManagerFactory()Ljakarta/persistence/EntityManagerFactory;+111
j  org.springframework.orm.jpa.AbstractEntityManagerFactoryBean.buildNativeEntityManagerFactory()Ljakarta/persistence/EntityManagerFactory;+1
j  org.springframework.orm.jpa.AbstractEntityManagerFactoryBean.afterPropertiesSet()V+234
j  org.springframework.orm.jpa.LocalContainerEntityManagerFactoryBean.afterPropertiesSet()V+238
j  org.springframework.beans.factory.support.AbstractAutowireCapableBeanFactory.invokeInitMethods(Ljava/lang/String;Ljava/lang/Object;Lorg/springframework/beans/factory/support/RootBeanDefinition;)V+56
j  org.springframework.beans.factory.support.AbstractAutowireCapableBeanFactory.initializeBean(Ljava/lang/String;Ljava/lang/Object;Lorg/springframework/beans/factory/support/RootBeanDefinition;)Ljava/lang/Object;+46
j  org.springframework.beans.factory.support.AbstractAutowireCapableBeanFactory.doCreateBean(Ljava/lang/String;Lorg/springframework/beans/factory/support/RootBeanDefinition;[Ljava/lang/Object;)Ljava/lang/Object;+228
j  org.springframework.beans.factory.support.AbstractAutowireCapableBeanFactory.createBean(Ljava/lang/String;Lorg/springframework/beans/factory/support/RootBeanDefinition;[Ljava/lang/Object;)Ljava/lang/Object;+153
j  org.springframework.beans.factory.support.AbstractBeanFactory.lambda$doGetBean$0(Ljava/lang/String;Lorg/springframework/beans/factory/support/RootBeanDefinition;[Ljava/lang/Object;)Ljava/lang/Object;+4
j  org.springframework.beans.factory.support.AbstractBeanFactory$$Lambda+0x000000003d1f96f0.getObject()Ljava/lang/Object;+16
j  org.springframework.beans.factory.support.DefaultSingletonBeanRegistry.getSingleton(Ljava/lang/String;Lorg/springframework/beans/factory/ObjectFactory;)Ljava/lang/Object;+897
J 2848 c1 org.springframework.beans.factory.support.AbstractBeanFactory.doGetBean(Ljava/lang/String;Ljava/lang/Class;[Ljava/lang/Object;Z)Ljava/lang/Object; (791 bytes) @ 0x000001ca5c679854 [0x000001ca5c679100+0x0000000000000754]
J 2852 c1 org.springframework.beans.factory.support.AbstractBeanFactory.getBean(Ljava/lang/String;Ljava/lang/Class;)Ljava/lang/Object; (9 bytes) @ 0x000001ca5c67cdd4 [0x000001ca5c67cd80+0x0000000000000054]
j  org.springframework.context.support.AbstractApplicationContext.finishBeanFactoryInitialization(Lorg/springframework/beans/factory/config/ConfigurableListableBeanFactory;)V+226
j  org.springframework.context.support.AbstractApplicationContext.refresh()V+94
j  org.springframework.boot.web.server.servlet.context.ServletWebServerApplicationContext.refresh()V+1
j  org.springframework.boot.SpringApplication.refresh(Lorg/springframework/context/ConfigurableApplicationContext;)V+1
j  org.springframework.boot.SpringApplication.refreshContext(Lorg/springframework/context/ConfigurableApplicationContext;)V+19
j  org.springframework.boot.SpringApplication.run([Ljava/lang/String;)Lorg/springframework/context/ConfigurableApplicationContext;+113
j  org.springframework.boot.SpringApplication.run([Ljava/lang/Class;[Ljava/lang/String;)Lorg/springframework/context/ConfigurableApplicationContext;+9
j  org.springframework.boot.SpringApplication.run(Ljava/lang/Class;[Ljava/lang/String;)Lorg/springframework/context/ConfigurableApplicationContext;+9
j  com.plateform.multiplayer_platform.MultiplayerPlatformApplication.main([Ljava/lang/String;)V+3
v  ~StubRoutines::Stub Generator call_stub_stub 0x000001ca5c2418e2
Lock stack of current Java thread (top to bottom):
LockStack[1]: [I 
{0x00000000a5fd6410} - klass: {type array int} - flags: is_cloneable_fast 

 - length: 0
LockStack[0]: com.zaxxer.hikari.HikariDataSource 
{0x00000000a8402238} - klass: 'com/zaxxer/hikari/HikariDataSource' - flags: 

 - ---- fields (total size 24 words):
 - private volatile 'maxPoolSize' 'I' @12  10 (0x0000000a)
 - private volatile 'connectionTimeout' 'J' @16  30000 (0x0000000000007530)
 - private volatile 'validationTimeout' 'J' @24  5000 (0x0000000000001388)
 - private volatile 'idleTimeout' 'J' @32  600000 (0x00000000000927c0)
 - private volatile 'leakDetectionThreshold' 'J' @40  0 (0x0000000000000000)
 - private volatile 'maxLifetime' 'J' @48  1800000 (0x00000000001b7740)
 - private 'initializationFailTimeout' 'J' @56  1 (0x0000000000000001)
 - private 'keepaliveTime' 'J' @64  120000 (0x000000000001d4c0)
 - private volatile 'minIdle' 'I' @72  10 (0x0000000a)
 - private 'isAutoCommit' 'Z' @76  true (0x01)
 - private 'isReadOnly' 'Z' @77  false (0x00)
 - private 'isIsolateInternalQueries' 'Z' @78  false (0x00)
 - private 'isRegisterMbeans' 'Z' @79  false (0x00)
 - private 'isAllowPoolSuspension' 'Z' @80  false (0x00)
 - private volatile 'sealed' 'Z' @81  false (0x00)
 - private volatile 'catalog' 'Ljava/lang/String;' @84  null (0x00000000)
 - private final 'credentials' 'Ljava/util/concurrent/atomic/AtomicReference;' @88  a 'java/util/concurrent/atomic/AtomicReference'{0x00000000a84022f8} (0xa84022f8)
 - private 'connectionInitSql' 'Ljava/lang/String;' @92  null (0x00000000)
 - private 'connectionTestQuery' 'Ljava/lang/String;' @96  null (0x00000000)
 - private 'credentialsProviderClassName' 'Ljava/lang/String;' @100  null (0x00000000)
 - private 'dataSourceClassName' 'Ljava/lang/String;' @104  null (0x00000000)
 - private 'dataSourceJndiName' 'Ljava/lang/String;' @108  null (0x00000000)
 - private 'driverClassName' 'Ljava/lang/String;' @112  "com.mysql.cj.jdbc.Driver"{0x00000000a256b5f0} (0xa256b5f0)
 - private 'exceptionOverrideClassName' 'Ljava/lang/String;' @116  null (0x00000000)
 - private 'exceptionOverride' 'Lcom/zaxxer/hikari/SQLExceptionOverride;' @120  null (0x00000000)
 - private 'jdbcUrl' 'Ljava/lang/String;' @124  "jdbc:mysql://localhost:3306/multiplayer_platform"{0x00000000a256b7c8} (0xa256b7c8)
 - private 'poolName' 'Ljava/lang/String;' @128  "HikariPool-1"{0x00000000a6a8a1a0} (0xa6a8a1a0)
 - private 'schema' 'Ljava/lang/String;' @132  null (0x00000000)
 - private 'transactionIsolationName' 'Ljava/lang/String;' @136  null (0x00000000)
 - private 'credentialsProvider' 'Lcom/zaxxer/hikari/HikariCredentialsProvider;' @140  null (0x00000000)
 - private 'dataSource' 'Ljavax/sql/DataSource;' @144  null (0x00000000)
 - private 'dataSourceProperties' 'Ljava/util/Properties;' @148  a 'java/util/Properties'{0x00000000a8402320} (0xa8402320)
 - private 'threadFactory' 'Ljava/util/concurrent/ThreadFactory;' @152  null (0x00000000)
 - private 'scheduledExecutor' 'Ljava/util/concurrent/ScheduledExecutorService;' @156  null (0x00000000)
 - private 'metricsTrackerFactory' 'Lcom/zaxxer/hikari/metrics/MetricsTrackerFactory;' @160  null (0x00000000)
 - private 'metricRegistry' 'Ljava/lang/Object;' @164  null (0x00000000)
 - private 'healthCheckRegistry' 'Ljava/lang/Object;' @168  null (0x00000000)
 - private 'healthCheckProperties' 'Ljava/util/Properties;' @172  a 'java/util/Properties'{0x00000000a8402398} (0xa8402398)
 - private final 'isShutdown' 'Ljava/util/concurrent/atomic/AtomicBoolean;' @176  a 'java/util/concurrent/atomic/AtomicBoolean'{0x00000000a8402410} (0xa8402410)
 - private final 'fastPathPool' 'Lcom/zaxxer/hikari/pool/HikariPool;' @180  null (0x00000000)
 - private volatile 'pool' 'Lcom/zaxxer/hikari/pool/HikariPool;' @184  null (0x00000000)

new  187 new  [0x000001ca5c258f40, 0x000001ca5c259158]  536 bytes

Loading hsdis library failed, undisassembled code is shown in MachCode section
[MachCode]
  0x000001ca5c258f40: 4883 ec08 | c5fa 1104 | 24eb 1f48 | 83ec 10c5 | fb11 0424 | eb14 4883 | ec10 4889 | 0424 48c7 
  0x000001ca5c258f60: 4424 0800 | 0000 00eb | 0150 410f | b755 010f | cac1 ea10 | 488b 4de8 | 488b 4908 | 488b 4908 
  0x000001ca5c258f80: 488b 4108 | 807c 1004 | 070f 858c | 0000 0066 | 8b54 d150 | 488b 4930 | 488b 4cd1 | 0851 80b9 
  0x000001ca5c258fa0: 3001 0000 | 040f 840d | 0000 004c | 3bb9 3801 | 0000 0f85 | 6200 0000 | 8b51 08f6 | c201 0f85 
  0x000001ca5c258fc0: 5600 0000 | 498b 87b0 | 0100 0048 | 8d1c 1049 | 3b9f c001 | 0000 0f87 | 3e00 0000 | 4989 9fb0 
  0x000001ca5c258fe0: 0100 0048 | 83ea 100f | 840f 0000 | 0033 c9c1 | ea03 4889 | 4cd0 0848 | ffca 75f6 | 48c7 0001 
  0x000001ca5c259000: 0000 0059 | 33f6 8970 | 0c41 ba00 | 0000 3c49 | 2bca 8948 | 08e9 2001 | 0000 5948 | 8b55 e848 
  0x000001ca5c259020: 8b52 0848 | 8b52 0845 | 0fb7 4501 | 410f c841 | c1e8 1049 | 3ba7 a805 | 0000 7607 | 4989 a7a8 
  0x000001ca5c259040: 0500 004c | 8d15 b800 | 0000 4152 | 488d 4424 | 084c 896d | c049 8bcf | c5f8 7749 | 89af 2004 
  0x000001ca5c259060: 0000 4989 | 8710 0400 | 0048 83ec | 2040 f6c4 | 0f0f 8419 | 0000 0048 | 83ec 0848 | b8f0 682b 
  0x000001ca5c259080: ebfd 7f00 | 00ff d048 | 83c4 08e9 | 0c00 0000 | 48b8 f068 | 2beb fd7f | 0000 ffd0 | 4883 c420 
  0x000001ca5c2590a0: 49c7 8710 | 0400 0000 | 0000 0049 | c787 2004 | 0000 0000 | 0000 49c7 | 8718 0400 | 0000 0000 
  0x000001ca5c2590c0: 00c5 f877 | 4c8b 6dc0 | 4c8b 75c8 | 4e8d 74f5 | 0041 5a49 | 3ba7 a805 | 0000 720b | 49c7 87a8 
  0x000001ca5c2590e0: 0500 0000 | 0000 004d | 8b97 c005 | 0000 4983 | fa00 741b | 49c7 87c0 | 0500 0000 | 0000 0041 
  0x000001ca5c259100: ffe2 49ba | 80bd 245c | ca01 0000 | 41ff d249 | 837f 0800 | 0f84 0e00 | 0000 4c8d | 15e1 ffff 
  0x000001ca5c259120: ff41 52e9 | b886 feff | 498b 8768 | 0400 0049 | c787 6804 | 0000 0000 | 0000 410f | b65d 0349 
  0x000001ca5c259140: 83c5 0349 | ba40 6ac2 | ebfd 7f00 | 0041 ff24 | da0f 1f80 | 0000 0000 
[/MachCode]

Compiled method (c1) 8528 2848   !   1       org.springframework.beans.factory.support.AbstractBeanFactory::doGetBean (791 bytes)
 total in heap  [0x000001ca5c679008,0x000001ca5c67b750] = 10056
 main code      [0x000001ca5c679100,0x000001ca5c67b2c0] = 8640
 stub code      [0x000001ca5c67b2c0,0x000001ca5c67b708] = 1096
 oops           [0x000001ca5c67b708,0x000001ca5c67b750] = 72
 mutable data [0x000001ca6878c780,0x000001ca6878cf70] = 2032
 relocation     [0x000001ca6878c780,0x000001ca6878cd20] = 1440
 metadata       [0x000001ca6878cd20,0x000001ca6878cf70] = 592
 immutable data [0x000001ca6878a000,0x000001ca6878c774] = 10100
 dependencies   [0x000001ca6878a000,0x000001ca6878a100] = 256
 nul chk table  [0x000001ca6878a100,0x000001ca6878a1d0] = 208
 handler table  [0x000001ca6878a1d0,0x000001ca6878ae28] = 3160
 scopes pcs     [0x000001ca6878ae28,0x000001ca6878b768] = 2368
 scopes data    [0x000001ca6878b768,0x000001ca6878c770] = 4104

[Constant Pool (empty)]


Loading hsdis library failed, undisassembled code is shown in MachCode section
[MachCode]
[Instructions begin]
  0x000001ca5c679100: 660f 1f84 | 0000 0000 | 0066 0f1f | 8400 0000 | 0000 448b | 5208 443b 

  0x000001ca5c679118: ;   {runtime_call Shared Runtime ic_miss_blob}
  0x000001ca5c679118: 5008 0f85 | c05c c1ff 
[Verified Entry Point]
  0x000001ca5c679120: 8984 2400 | 80ff ff55 | 4881 ec40 | 0200 0090 | 4181 7f20 | 0600 0000 

  0x000001ca5c679138: ;   {runtime_call Stub::Stub Generator method_entry_barrier_stub}
  0x000001ca5c679138: 7405 e841 | afbf ff48 | 8994 24d0 | 0000 004c | 8984 24f0 | 0000 004c | 898c 24e8 | 0000 0048 
  0x000001ca5c679158: 89bc 24d8 | 0000 0089 | b424 e000 | 0000 498b | d066 0f1f 

  0x000001ca5c67916c: ;   {static_call}
  0x000001ca5c67916c: 4400 00e8 

  0x000001ca5c679170: ; ImmutableOopMap {[208]=Oop [216]=Oop [232]=Oop [240]=Oop }
                      ;*invokestatic transformedBeanName {reexecute=0 rethrow=0 return_oop=0}
                      ; - org.springframework.beans.factory.support.AbstractBeanFactory::transformedBeanName@2 (line 1272)
                      ; - org.springframework.beans.factory.support.AbstractBeanFactory::doGetBean@2 (line 240)
  0x000001ca5c679170: 0c9c fcff 

  0x000001ca5c679174: ;   {post_call_nop}
  0x000001ca5c679174: 0f1f 8400 | 6c01 0000 | e927 0000 | 000f 1f80 | 0000 0000 | 488b 8424 | f800 0000 | e903 0000 
  0x000001ca5c679194: 0049 8bc0 

  0x000001ca5c679198: ; ImmutableOopMap {r8=Oop rax=Oop [208]=Oop [216]=Oop [232]=Oop [240]=Oop }
                      ;*ifnonnull {reexecute=1 rethrow=0 return_oop=0}
                      ; - (reexecute) org.springframework.core.SimpleAliasRegistry::canonicalName@23 (line 234)
                      ; - org.springframework.beans.factory.support.AbstractBeanFactory::transformedBeanName@5 (line 1272)
                      ; - org.springframework.beans.factory.support.AbstractBeanFactory::doGetBean@2 (line 240)
  0x000001ca5c679198: 4d8b 5730 

  0x000001ca5c67919c: ;   {poll}
  0x000001ca5c67919c: 4185 024d | 85c0 0f84 | 7300 0000 | 488b 9424 | d000 0000 | 8b72 104c | 8bc0 488b | d648 8984 
  0x000001ca5c6791bc: 24f8 0000 | 000f 1f40 | 0048 b890 | cf79 68ca 

  0x000001ca5c6791cc: ;   {virtual_call}
  0x000001ca5c6791cc: 0100 00e8 

  0x000001ca5c6791d0: ; ImmutableOopMap {[208]=Oop [216]=Oop [232]=Oop [240]=Oop [248]=Oop }
                      ;*invokeinterface get {reexecute=0 rethrow=0 return_oop=0}
                      ; - org.springframework.core.SimpleAliasRegistry::canonicalName@7 (line 229)
                      ; - org.springframework.beans.factory.support.AbstractBeanFactory::transformedBeanName@5 (line 1272)
                      ; - org.springframework.beans.factory.support.AbstractBeanFactory::doGetBean@2 (line 240)
  0x000001ca5c6791d0: 3eb6 d0ff 

  0x000001ca5c6791d4: ;   {post_call_nop}
  0x000001ca5c6791d4: 0f1f 8400 | cc01 0002 | 4885 c00f | 8425 0000 

  0x000001ca5c6791e4: ;   {metadata('java/lang/String')}
  0x000001ca5c6791e4: 0048 be28 | af18 3c00 | 0000 0044 | 8b48 0841 | ba00 0000 | 3c4d 03ca | 493b f10f | 852c 1c00 
  0x000001ca5c679204: 00e9 0000 | 0000 4c8b | c04d 85c0 | 0f84 72ff | ffff e97a | ffff ff4c | 8bc0 41b9 | 0100 0000 
  0x000001ca5c679224: 488b 9424 | d000 0000 | 4889 8424 | 0001 0000 

  0x000001ca5c679234: ;   {optimized virtual_call}
  0x000001ca5c679234: 6666 90e8 

  0x000001ca5c679238: ; ImmutableOopMap {[208]=Oop [216]=Oop [232]=Oop [240]=Oop [256]=Oop }
                      ;*invokevirtual getSingleton {reexecute=0 rethrow=0 return_oop=0}
                      ; - org.springframework.beans.factory.support.DefaultSingletonBeanRegistry::getSingleton@3 (line 197)
                      ; - org.springframework.beans.factory.support.AbstractBeanFactory::doGetBean@10 (line 244)
  0x000001ca5c679238: 64b8 fbff 

  0x000001ca5c67923c: ;   {post_call_nop}
  0x000001ca5c67923c: 0f1f 8400 | 3402 0003 | 4885 c00f | 8411 0000 | 0048 8bbc | 24d8 0000 | 0048 85ff | 0f84 c00b 
  0x000001ca5c67925c: 0000 4c8b | 8424 0001 | 0000 488b | 9424 d000 

  0x000001ca5c67926c: ;   {optimized virtual_call}
  0x000001ca5c67926c: 0000 90e8 

  0x000001ca5c679270: ; ImmutableOopMap {[208]=Oop [216]=Oop [232]=Oop [240]=Oop [256]=Oop }
                      ;*invokevirtual isPrototypeCurrentlyInCreation {reexecute=0 rethrow=0 return_oop=0}
                      ; - org.springframework.beans.factory.support.AbstractBeanFactory::doGetBean@99 (line 261)
  0x000001ca5c679270: 2cf4 1800 

  0x000001ca5c679274: ;   {post_call_nop}
  0x000001ca5c679274: 0f1f 8400 | 6c02 0004 | 85c0 0f85 | 7d15 0000 | 488b 9424 | d000 0000 | 8b72 6848 | 89b4 2408 
  0x000001ca5c679294: 0100 0048 | 85f6 0f84 | 4700 0000 | 488b 8424 | 0001 0000 | 4885 c00f | 84c3 1400 | 008b bae8 
  0x000001ca5c6792b4: 0000 004c | 8bc0 488b | d748 8984 | 2400 0100 | 0048 b8b8 | cf79 68ca 

  0x000001ca5c6792cc: ;   {virtual_call}
  0x000001ca5c6792cc: 0100 00e8 

  0x000001ca5c6792d0: ; ImmutableOopMap {[208]=Oop [216]=Oop [232]=Oop [240]=Oop [256]=Oop [264]=Oop }
                      ;*invokeinterface containsKey {reexecute=0 rethrow=0 return_oop=0}
                      ; - org.springframework.beans.factory.support.DefaultListableBeanFactory::containsBeanDefinition@11 (line 414)
                      ; - org.springframework.beans.factory.support.AbstractBeanFactory::doGetBean@129 (line 267)
  0x000001ca5c6792d0: 0c61 c1ff 

  0x000001ca5c6792d4: ;   {post_call_nop}
  0x000001ca5c6792d4: 0f1f 8400 | cc02 0005 | 83e0 0185 | c00f 849a | 0900 008b | b424 e000 | 0000 85f6 | 0f85 1e00 
  0x000001ca5c6792f4: 0000 4c8b | 8424 0001 | 0000 488b | 9424 d000 

  0x000001ca5c679304: ;   {optimized virtual_call}
  0x000001ca5c679304: 0000 90e8 

  0x000001ca5c679308: ; ImmutableOopMap {[208]=Oop [216]=Oop [232]=Oop [240]=Oop [256]=Oop }
                      ;*invokevirtual markBeanAsCreated {reexecute=0 rethrow=0 return_oop=0}
                      ; - org.springframework.beans.factory.support.AbstractBeanFactory::doGetBean@217 (line 287)
  0x000001ca5c679308: f91f 0000 

  0x000001ca5c67930c: ;   {post_call_nop}
  0x000001ca5c67930c: 0f1f 8400 | 0403 0006 | 488b 9424 | d000 0000 | 8bb2 9c00 

  0x000001ca5c679320: ;   {oop("spring.beans.instantiate"{0x00000000a26e1848})}
  0x000001ca5c679320: 0000 49b8 | 4818 6ea2 | 0000 0000 | 488b d666 | 0f1f 4400 | 0048 b8e0 | cf79 68ca 

  0x000001ca5c67933c: ;   {virtual_call}
  0x000001ca5c67933c: 0100 00e8 

  0x000001ca5c679340: ; ImmutableOopMap {[208]=Oop [216]=Oop [232]=Oop [240]=Oop [256]=Oop }
                      ;*invokeinterface start {reexecute=0 rethrow=0 return_oop=0}
                      ; - org.springframework.beans.factory.support.AbstractBeanFactory::doGetBean@226 (line 290)
  0x000001ca5c679340: d1cb c1ff 

  0x000001ca5c679344: ;   {post_call_nop}
  0x000001ca5c679344: 0f1f 8400 | 3c03 0007 | 4889 8424 | 1001 0000 | 4885 c00f | 8425 0000 

  0x000001ca5c67935c: ;   {metadata('org/springframework/core/metrics/DefaultApplicationStartup$DefaultStartupStep')}
  0x000001ca5c67935c: 0048 bfd0 | 5207 3d00 | 0000 008b | 7008 41ba | 0000 003c | 4903 f248 | 3b7e 380f | 85bd 1a00 
  0x000001ca5c67937c: 00e9 0000 | 0000 4c8b | c048 3b00 | 4c8b 8c24 | e800 0000 | 4d85 c90f | 84a5 0000 | 004d 85c9 
  0x000001ca5c67939c: 0f84 4a13 

  0x000001ca5c6793a0: ;   {oop(a 'java/lang/Class'{0x00000000a26e1860} = 'org/springframework/beans/factory/support/AbstractBeanFactory$$Lambda+0x000000003d1f8dc8')}
  0x000001ca5c6793a0: 0000 49b8 | 6018 6ea2 | 0000 0000 

  0x000001ca5c6793ac: ;   {oop(a 'jdk/internal/misc/Unsafe'{0x00000000a209abd8})}
  0x000001ca5c6793ac: 48ba d8ab | 09a2 0000 

  0x000001ca5c6793b4: ;   {optimized virtual_call}
  0x000001ca5c6793b4: 0000 90e8 

  0x000001ca5c6793b8: ; ImmutableOopMap {[208]=Oop [216]=Oop [232]=Oop [240]=Oop [256]=Oop [272]=Oop }
                      ;*invokevirtual allocateInstance {reexecute=0 rethrow=0 return_oop=0}
                      ; - java.lang.invoke.DirectMethodHandle::allocateInstance@12 (line 503)
                      ; - java.lang.invoke.DirectMethodHandle$Holder::newInvokeSpecial@1
                      ; - java.lang.invoke.Invokers$Holder::linkToTargetMethod@5
                      ; - org.springframework.beans.factory.support.AbstractBeanFactory::doGetBean@255 (line 294)
  0x000001ca5c6793b8: d4d4 dbff 

  0x000001ca5c6793bc: ;   {post_call_nop}
  0x000001ca5c6793bc: 0f1f 8400 | b403 0008 | 450f be47 | 4845 85c0 | 0f85 721a | 0000 4c8b | 8c24 e800 | 0000 4d8b 
  0x000001ca5c6793dc: d144 8950 | 0c48 8bd0 | 4933 d148 | c1ea 1474 | 184d 85c9 | 7413 488b | d048 c1ea | 0949 0357 
  0x000001ca5c6793fc: 5080 3aff | 7503 c602 | 0048 8b84 | 2410 0100 | 0048 85c0 | 0f84 2500 

  0x000001ca5c679414: ;   {metadata('org/springframework/core/metrics/DefaultApplicationStartup$DefaultStartupStep')}
  0x000001ca5c679414: 0000 48bf | d052 073d | 0000 0000 | 8b70 0841 | ba00 0000 | 3c49 03f2 | 483b 7e38 | 0f85 2e1a 
  0x000001ca5c679434: 0000 e900 | 0000 004c | 8bc0 4c8b | 8424 0001 | 0000 488b | 9424 d000 

  0x000001ca5c67944c: ;   {optimized virtual_call}
  0x000001ca5c67944c: 0000 90e8 

  0x000001ca5c679450: ; ImmutableOopMap {[208]=Oop [216]=Oop [232]=Oop [240]=Oop [256]=Oop [272]=Oop }
                      ;*invokevirtual getMergedLocalBeanDefinition {reexecute=0 rethrow=0 return_oop=0}
                      ; - org.springframework.beans.factory.support.AbstractBeanFactory::doGetBean@269 (line 296)
  0x000001ca5c679450: 4c5e 0600 

  0x000001ca5c679454: ;   {post_call_nop}
  0x000001ca5c679454: 0f1f 8400 | 4c04 0009 | 4889 8424 | 1801 0000 | 4c8b c04c | 8b8c 2400 | 0100 0048 | 8bbc 24d8 
  0x000001ca5c679474: 0000 0048 | 8b94 24d0 

  0x000001ca5c67947c: ;   {optimized virtual_call}
  0x000001ca5c67947c: 0000 00e8 

  0x000001ca5c679480: ; ImmutableOopMap {[208]=Oop [216]=Oop [232]=Oop [240]=Oop [256]=Oop [272]=Oop [280]=Oop }
                      ;*invokevirtual checkMergedBeanDefinition {reexecute=0 rethrow=0 return_oop=0}
                      ; - org.springframework.beans.factory.support.AbstractBeanFactory::doGetBean@280 (line 297)
  0x000001ca5c679480: b11e 0000 

  0x000001ca5c679484: ;   {post_call_nop}
  0x000001ca5c679484: 0f1f 8400 | 7c04 000a | 488b 8424 | 1801 0000 

  0x000001ca5c679494: ; implicit exception: dispatches to 0x000001ca5c67ae69
  0x000001ca5c679494: 8b70 2048 | 89b4 2430 | 0100 0048 | 85f6 0f84 | e301 0000 

  0x000001ca5c6794a8: ; implicit exception: dispatches to 0x000001ca5c67ae6e
  0x000001ca5c6794a8: 8b5e 0c89 | 9c24 2801 | 0000 b900 | 0000 00e9 | a701 0000 | 0f1f 4000 | 4c63 c146 | 8b6c 8610 
  0x000001ca5c6794c8: 448b 7258 | 4c8d 8424 | 2002 0000 | 488b f84d | 8970 0849 | 8b06 458b | 8fc8 0600 | 0041 81f9 
  0x000001ca5c6794e8: 1807 0000 | 0f8d 8619 | 0000 4f3b | 740f f80f | 8425 0000 | 00a8 020f | 8573 1900 | 004c 8bc8 
  0x000001ca5c679508: 4983 e1fe | 4883 c801 | f04d 0fb1 | 0e0f 855d | 1900 0045 | 8b8f c806 | 0000 4f89 | 340f 4183 
  0x000001ca5c679528: c108 4589 | 8fc8 0600 | 004c 8bc7 | 4d8b cd48 | 89bc 2400 

  0x000001ca5c67953c: ;   {oop(nullptr)}
  0x000001ca5c67953c: 0100 0048 | bf00 0000 | 0000 0000 | 0048 8b94 | 24d0 0000 | 004c 89b4 | 2438 0100 | 0089 8c24 
  0x000001ca5c67955c: e400 0000 | 4c89 ac24 | 2001 0000 | 0f1f 8000 

  0x000001ca5c67956c: ;   {optimized virtual_call}
  0x000001ca5c67956c: 0000 00e8 

  0x000001ca5c679570: ; ImmutableOopMap {[208]=Oop [216]=Oop [232]=Oop [240]=Oop [256]=Oop [272]=Oop [280]=Oop [288]=Oop [304]=Oop [312]=Oop [552]=Oop }
                      ;*invokevirtual isDependent {reexecute=0 rethrow=0 return_oop=0}
                      ; - org.springframework.beans.factory.support.DefaultSingletonBeanRegistry::isDependent@11 (line 626)
                      ; - org.springframework.beans.factory.support.AbstractBeanFactory::doGetBean@326 (line 303)
  0x000001ca5c679570: 2a21 0000 

  0x000001ca5c679574: ;   {post_call_nop}
  0x000001ca5c679574: 0f1f 8400 | 6c05 000b | 4c8b c048 | 8d84 2420 | 0200 0048 | 8b50 0845 | 8b8f c806 | 0000 4b3b 
  0x000001ca5c679594: 540f f80f | 85ee 1800 | 0041 83af | c806 0000 | 084b 3b54 | 0ff0 0f84 | 2a00 0000 | 488b 02a8 
  0x000001ca5c6795b4: 020f 8512 | 0000 004c | 8bc8 4983 | c901 f04c | 0fb1 0a0f | 840d 0000 | 0041 8387 | c806 0000 
  0x000001ca5c6795d4: 08e9 b118 | 0000 4183 | e001 4585 | c00f 850b | 0600 004c | 8b84 2420 | 0100 004c | 8b8c 2400 
  0x000001ca5c6795f4: 0100 0048 | 8b94 24d0 

  0x000001ca5c6795fc: ;   {optimized virtual_call}
  0x000001ca5c6795fc: 0000 00e8 

  0x000001ca5c679600: ; ImmutableOopMap {[208]=Oop [216]=Oop [232]=Oop [240]=Oop [256]=Oop [272]=Oop [280]=Oop [288]=Oop [304]=Oop }
                      ;*invokevirtual registerDependentBean {reexecute=0 rethrow=0 return_oop=0}
                      ; - org.springframework.beans.factory.support.AbstractBeanFactory::doGetBean@361 (line 307)
  0x000001ca5c679600: 411d 0000 

  0x000001ca5c679604: ;   {post_call_nop}
  0x000001ca5c679604: 0f1f 8400 | fc05 000c | 4c8b 8424 | 2001 0000 

  0x000001ca5c679614: ;   {oop(nullptr)}
  0x000001ca5c679614: 49b9 0000 | 0000 0000 

  0x000001ca5c67961c: ;   {oop(nullptr)}
  0x000001ca5c67961c: 0000 48bf | 0000 0000 | 0000 0000 | be00 0000 | 0048 8b94 | 24d0 0000 

  0x000001ca5c679634: ;   {optimized virtual_call}
  0x000001ca5c679634: 0066 90e8 

  0x000001ca5c679638: ; ImmutableOopMap {[208]=Oop [216]=Oop [232]=Oop [240]=Oop [256]=Oop [272]=Oop [280]=Oop [288]=Oop [304]=Oop }
                      ;*invokevirtual doGetBean {reexecute=0 rethrow=0 return_oop=0}
                      ; - org.springframework.beans.factory.support.AbstractBeanFactory::getBean@5 (line 196)
                      ; - org.springframework.beans.factory.support.AbstractBeanFactory::doGetBean@367 (line 309)
  0x000001ca5c679638: e4fa ffff 

  0x000001ca5c67963c: ;   {post_call_nop}
  0x000001ca5c67963c: 0f1f 8400 | 3406 000d | 8b8c 24e4 | 0000 00ff | c14d 8b57 

  0x000001ca5c679650: ; ImmutableOopMap {[208]=Oop [216]=Oop [232]=Oop [240]=Oop [256]=Oop [272]=Oop [280]=Oop [288]=Oop [304]=Oop }
                      ;*goto {reexecute=1 rethrow=0 return_oop=0}
                      ; - (reexecute) org.springframework.beans.factory.support.AbstractBeanFactory::doGetBean@452 (line 302)
                      ;   {poll}
  0x000001ca5c679650: 3041 8502 | 8b9c 2428 | 0100 0048 | 8bb4 2430 | 0100 0048 | 8b84 2400 | 0100 0048 | 8b94 24d0 
  0x000001ca5c679670: 0000 003b | cb0f 8c45 | feff ff48 | 8984 2400 | 0100 0048 | 8b84 2418 | 0100 0044 

  0x000001ca5c67968c: ;   {oop("singleton"{0x00000000ffc86e20})}
  0x000001ca5c67968c: 8b40 1848 | ba20 6ec8 | ff00 0000 | 0066 0f1f 

  0x000001ca5c67969c: ;   {optimized virtual_call}
  0x000001ca5c67969c: 4400 00e8 

  0x000001ca5c6796a0: ; ImmutableOopMap {[208]=Oop [216]=Oop [232]=Oop [240]=Oop [256]=Oop [272]=Oop [280]=Oop }
                      ;*invokevirtual equals {reexecute=0 rethrow=0 return_oop=0}
                      ; - org.springframework.beans.factory.support.AbstractBeanDefinition::isSingleton@7 (line 533)
                      ; - org.springframework.beans.factory.support.AbstractBeanFactory::doGetBean@457 (line 330)
  0x000001ca5c6796a0: fcf1 ccff 

  0x000001ca5c6796a4: ;   {post_call_nop}
  0x000001ca5c6796a4: 0f1f 8400 | 9c06 000f | 85c0 0f85 | 3d00 0000 | 488b 8424 | 1801 0000 | 448b 4018 

  0x000001ca5c6796c0: ;   {oop(""{0x00000000ffe04540})}
  0x000001ca5c6796c0: 48ba 4045 | e0ff 0000 | 0000 0f1f 

  0x000001ca5c6796cc: ;   {optimized virtual_call}
  0x000001ca5c6796cc: 4400 00e8 

  0x000001ca5c6796d0: ; ImmutableOopMap {[208]=Oop [216]=Oop [232]=Oop [240]=Oop [256]=Oop [272]=Oop [280]=Oop }
                      ;*invokevirtual equals {reexecute=0 rethrow=0 return_oop=0}
                      ; - org.springframework.beans.factory.support.AbstractBeanDefinition::isSingleton@19 (line 533)
                      ; - org.springframework.beans.factory.support.AbstractBeanFactory::doGetBean@457 (line 330)
  0x000001ca5c6796d0: 0c5a c1ff 

  0x000001ca5c6796d4: ;   {post_call_nop}
  0x000001ca5c6796d4: 0f1f 8400 | cc06 0010 | 85c0 41b8 | 0000 0000 | 7406 41b8 | 0100 0000 | e906 0000 | 0041 b801 
  0x000001ca5c6796f4: 0000 0041 | 83e0 0145 | 85c0 0f84 | 9501 0000 

  0x000001ca5c679704: ;   {oop(a 'java/lang/Class'{0x00000000a26e17d0} = 'org/springframework/beans/factory/support/AbstractBeanFactory$$Lambda+0x000000003d1f96f0')}
  0x000001ca5c679704: 49b8 d017 | 6ea2 0000 

  0x000001ca5c67970c: ;   {oop(a 'jdk/internal/misc/Unsafe'{0x00000000a209abd8})}
  0x000001ca5c67970c: 0000 48ba | d8ab 09a2 | 0000 0000 | 0f1f 8000 

  0x000001ca5c67971c: ;   {optimized virtual_call}
  0x000001ca5c67971c: 0000 00e8 

  0x000001ca5c679720: ; ImmutableOopMap {[208]=Oop [216]=Oop [232]=Oop [240]=Oop [256]=Oop [272]=Oop [280]=Oop }
                      ;*invokevirtual allocateInstance {reexecute=0 rethrow=0 return_oop=0}
                      ; - java.lang.invoke.DirectMethodHandle::allocateInstance@12 (line 503)
                      ; - java.lang.invoke.LambdaForm$DMH/0x000000003d0a4000::newInvokeSpecial@1
                      ; - java.lang.invoke.Invokers$Holder::linkToTargetMethod@9
                      ; - org.springframework.beans.factory.support.AbstractBeanFactory::doGetBean@472 (line 331)
  0x000001ca5c679720: 6cd1 dbff 

  0x000001ca5c679724: ;   {post_call_nop}
  0x000001ca5c679724: 0f1f 8400 | 1c07 0011 | 450f be47 | 4845 85c0 | 0f85 6717 | 0000 488b | 9424 d000 | 0000 4c8b 
  0x000001ca5c679744: d244 8950 | 0c4c 8bc8 | 4c33 ca49 | c1e9 1474 | 1a48 85d2 | 7415 4c8b | c849 c1e9 | 094d 034f 
  0x000001ca5c679764: 5041 8039 | ff75 0441 | c601 0045 | 0fbe 4748 | 4585 c00f | 8544 1700 | 0048 8bb4 | 2400 0100 
  0x000001ca5c679784: 004c 8bd6 | 4489 5010 | 4c8b c84c | 33ce 49c1 | e914 741a | 4885 f674 | 154c 8bc8 | 49c1 e909 
  0x000001ca5c6797a4: 4d03 4f50 | 4180 39ff | 7504 41c6 | 0100 450f | be47 4845 | 85c0 0f85 | 1c17 0000 | 488b bc24 
  0x000001ca5c6797c4: 1801 0000 | 4c8b d744 | 8950 144c | 8bc8 4c33 | cf49 c1e9 | 1474 1a48 | 85ff 7415 | 4c8b c849 
  0x000001ca5c6797e4: c1e9 094d | 034f 5041 | 8039 ff75 | 0441 c601 | 0045 0fbe | 4748 4585 | c00f 85f4 | 1600 0048 
  0x000001ca5c679804: 8b9c 24d8 | 0000 004c | 8bd3 4489 | 5018 4c8b | c84c 33cb | 49c1 e914 | 741a 4885 

  0x000001ca5c679820: ;   {other}
  0x000001ca5c679820: db74 154c | 8bc8 49c1 | e909 4d03 | 4f50 4180 | 39ff 7504 | 41c6 0100 | 4c8b c64c | 8bc8 488b 
  0x000001ca5c679840: da48 8bd3 | 4889 b424 | 0001 0000 

  0x000001ca5c67984c: ;   {optimized virtual_call}
  0x000001ca5c67984c: 6666 90e8 

  0x000001ca5c679850: ; ImmutableOopMap {[208]=Oop [232]=Oop [240]=Oop [256]=Oop [272]=Oop [280]=Oop }
                      ;*invokevirtual getSingleton {reexecute=0 rethrow=0 return_oop=0}
                      ; - org.springframework.beans.factory.support.AbstractBeanFactory::doGetBean@477 (line 331)
  0x000001ca5c679850: 111b 0000 

  0x000001ca5c679854: ;   {post_call_nop}
  0x000001ca5c679854: 0f1f 8400 | 4c08 0012 | 4c8b c04c | 8b8c 24e8 | 0000 0048 | 8bbc 24f0 | 0000 0048 | 8bb4 2400 
  0x000001ca5c679874: 0100 0048 | 8b8c 2418 | 0100 0048 | 8b94 24d0 

  0x000001ca5c679884: ;   {optimized virtual_call}
  0x000001ca5c679884: 0000 00e8 

  0x000001ca5c679888: ; ImmutableOopMap {[208]=Oop [232]=Oop [240]=Oop [256]=Oop [272]=Oop }
                      ;*invokevirtual getObjectForBeanInstance {reexecute=0 rethrow=0 return_oop=0}
                      ; - org.springframework.beans.factory.support.AbstractBeanFactory::doGetBean@491 (line 343)
  0x000001ca5c679888: 1420 0000 

  0x000001ca5c67988c: ;   {post_call_nop}
  0x000001ca5c67988c: 0f1f 8400 | 8408 0013 | e983 0200 | 0048 8b84 | 2418 0100 | 0044 8b40 

  0x000001ca5c6798a4: ;   {oop("prototype"{0x00000000ffc86de8})}
  0x000001ca5c6798a4: 1848 bae8 | 6dc8 ff00 

  0x000001ca5c6798ac: ;   {optimized virtual_call}
  0x000001ca5c6798ac: 0000 00e8 

  0x000001ca5c6798b0: ; ImmutableOopMap {[208]=Oop [216]=Oop [232]=Oop [240]=Oop [256]=Oop [272]=Oop [280]=Oop }
                      ;*invokevirtual equals {reexecute=0 rethrow=0 return_oop=0}
                      ; - org.springframework.beans.factory.support.AbstractBeanDefinition::isPrototype@7 (line 542)
                      ; - org.springframework.beans.factory.support.AbstractBeanFactory::doGetBean@501 (line 346)
  0x000001ca5c6798b0: 2c58 c1ff 

  0x000001ca5c6798b4: ;   {post_call_nop}
  0x000001ca5c6798b4: 0f1f 8400 | ac08 0014 | 83e0 0185 | c00f 84ba | 0000 004c | 8b84 2400 | 0100 0048 | 8b94 24d0 
  0x000001ca5c6798d4: ;   {optimized virtual_call}
  0x000001ca5c6798d4: 0000 00e8 

  0x000001ca5c6798d8: ; ImmutableOopMap {[208]=Oop [216]=Oop [232]=Oop [240]=Oop [256]=Oop [272]=Oop [280]=Oop }
                      ;*invokevirtual beforePrototypeCreation {reexecute=0 rethrow=0 return_oop=0}
                      ; - org.springframework.beans.factory.support.AbstractBeanFactory::doGetBean@513 (line 350)
  0x000001ca5c6798d8: 0458 c1ff 

  0x000001ca5c6798dc: ;   {post_call_nop}
  0x000001ca5c6798dc: 0f1f 8400 | d408 0015 | 4c8b 8424 | 0001 0000 | 4c8b 8c24 | 1801 0000 | 488b bc24 | d800 0000 
  0x000001ca5c6798fc: 488b 9424 | d000 0000 

  0x000001ca5c679904: ;   {optimized virtual_call}
  0x000001ca5c679904: 6666 90e8 

  0x000001ca5c679908: ; ImmutableOopMap {[208]=Oop [232]=Oop [240]=Oop [256]=Oop [272]=Oop [280]=Oop }
                      ;*invokevirtual createBean {reexecute=0 rethrow=0 return_oop=0}
                      ; - org.springframework.beans.factory.support.AbstractBeanFactory::doGetBean@522 (line 351)
  0x000001ca5c679908: d457 c1ff 

  0x000001ca5c67990c: ;   {post_call_nop}
  0x000001ca5c67990c: 0f1f 8400 | 0409 0016 | 4c8b 8424 | 0001 0000 | 488b 9424 | d000 0000 | 4889 8424 | 4001 0000 
  0x000001ca5c67992c: ;   {optimized virtual_call}
  0x000001ca5c67992c: 6666 90e8 

  0x000001ca5c679930: ; ImmutableOopMap {[208]=Oop [232]=Oop [240]=Oop [256]=Oop [272]=Oop [280]=Oop [320]=Oop }
                      ;*invokevirtual afterPrototypeCreation {reexecute=0 rethrow=0 return_oop=0}
                      ; - org.springframework.beans.factory.support.AbstractBeanFactory::doGetBean@530 (line 354)
  0x000001ca5c679930: ac57 c1ff 

  0x000001ca5c679934: ;   {post_call_nop}
  0x000001ca5c679934: 0f1f 8400 | 2c09 0017 | 4c8b 8424 | 4001 0000 | 4c8b 8c24 | e800 0000 | 488b bc24 | f000 0000 
  0x000001ca5c679954: 488b b424 | 0001 0000 | 488b 8c24 | 1801 0000 | 488b 9424 | d000 0000 

  0x000001ca5c67996c: ;   {optimized virtual_call}
  0x000001ca5c67996c: 6666 90e8 

  0x000001ca5c679970: ; ImmutableOopMap {[208]=Oop [232]=Oop [240]=Oop [256]=Oop [272]=Oop }
                      ;*invokevirtual getObjectForBeanInstance {reexecute=0 rethrow=0 return_oop=0}
                      ; - org.springframework.beans.factory.support.AbstractBeanFactory::doGetBean@556 (line 356)
  0x000001ca5c679970: 6c57 c1ff 

  0x000001ca5c679974: ;   {post_call_nop}
  0x000001ca5c679974: 0f1f 8400 | 6c09 0018 | e99b 0100 | 0048 8b84 | 2418 0100 | 008b 7018 | 4885 f60f | 8433 0000 
  0x000001ca5c679994: 0044 8b46 | 1445 8b40 | 0c45 85c0 | 41b8 0000 | 0000 7506 | 41b8 0100 | 0000 4183 | e001 4585 
  0x000001ca5c6799b4: c041 b800 | 0000 0075 | 0641 b801 | 0000 00e9 | 0600 0000 | 41b8 0000 | 0000 4183 | e001 4585 
  0x000001ca5c6799d4: c00f 8461 | 0c00 0048 | 8b94 24d0 | 0000 008b | ba98 0000 | 004c 8bc6 | 488b d748 | 89b4 2448 
  0x000001ca5c6799f4: 0100 0066 | 0f1f 4400 | 0048 b808 | d079 68ca 

  0x000001ca5c679a04: ;   {virtual_call}
  0x000001ca5c679a04: 0100 00e8 

  0x000001ca5c679a08: ; ImmutableOopMap {[208]=Oop [216]=Oop [232]=Oop [240]=Oop [256]=Oop [272]=Oop [280]=Oop [328]=Oop }
                      ;*invokeinterface get {reexecute=0 rethrow=0 return_oop=0}
                      ; - org.springframework.beans.factory.support.AbstractBeanFactory::doGetBean@600 (line 364)
  0x000001ca5c679a08: d459 c1ff 

  0x000001ca5c679a0c: ;   {post_call_nop}
  0x000001ca5c679a0c: 0f1f 8400 | 040a 0019 | 4885 c00f | 8445 0000 

  0x000001ca5c679a1c: ;   {metadata('org/springframework/beans/factory/config/Scope')}
  0x000001ca5c679a1c: 0049 b9e8 | ac1d 3d00 | 0000 0044 | 8b40 0841 | ba00 0000 | 3c4d 03c2 | 4d3b 4820 | 0f84 2400 
  0x000001ca5c679a3c: 0000 4d3b | c10f 841b | 0000 0041 

  0x000001ca5c679a48: ;   {runtime_call C1 Runtime slow_subtype_check_blob}
  0x000001ca5c679a48: 5041 51e8 | 105b ccff | 4158 4158 | 4585 c00f | 84bf 1400 | 00e9 0000 | 0000 488b | d848 85db 
  0x000001ca5c679a68: 0f84 1e0b | 0000 4889 | 9c24 5001 | 0000 6690 

  0x000001ca5c679a78: ;   {other}
  0x000001ca5c679a78: e9b7 1400 | 0090 9090 | 9090 488b | 9424 d000 | 0000 4c8b | 8424 0001 | 0000 4c8b | 8c24 1801 
  0x000001ca5c679a98: 0000 488b | bc24 d800 | 0000 0f1f 

  0x000001ca5c679aa4: ;   {static_call}
  0x000001ca5c679aa4: 4400 00e8 

  0x000001ca5c679aa8: ; ImmutableOopMap {[208]=Oop [232]=Oop [240]=Oop [256]=Oop [272]=Oop [280]=Oop [328]=Oop [336]=Oop }
                      ;*invokedynamic {reexecute=0 rethrow=0 return_oop=0}
                      ; - org.springframework.beans.factory.support.AbstractBeanFactory::doGetBean@640 (line 369)
  0x000001ca5c679aa8: 345c c1ff 

  0x000001ca5c679aac: ;   {post_call_nop}
  0x000001ca5c679aac: 0f1f 8400 | a40a 001a | 4c8b 8424 | 0001 0000 | 4c8b c848 | 8b94 2450 | 0100 0066 | 0f1f 4400 
  0x000001ca5c679acc: 0048 b830 | d079 68ca 

  0x000001ca5c679ad4: ;   {virtual_call}
  0x000001ca5c679ad4: 0100 00e8 

  0x000001ca5c679ad8: ; ImmutableOopMap {[208]=Oop [232]=Oop [240]=Oop [256]=Oop [272]=Oop [280]=Oop [328]=Oop }
                      ;*invokeinterface get {reexecute=0 rethrow=0 return_oop=0}
                      ; - org.springframework.beans.factory.support.AbstractBeanFactory::doGetBean@645 (line 369)
  0x000001ca5c679ad8: 0459 c1ff 

  0x000001ca5c679adc: ;   {post_call_nop}
  0x000001ca5c679adc: 0f1f 8400 | d40a 001b | 4c8b c04c | 8b8c 24e8 | 0000 0048 | 8bbc 24f0 | 0000 0048 | 8bb4 2400 
  0x000001ca5c679afc: 0100 0048 | 8b8c 2418 | 0100 0048 | 8b94 24d0 

  0x000001ca5c679b0c: ;   {optimized virtual_call}
  0x000001ca5c679b0c: 0000 00e8 

  0x000001ca5c679b10: ; ImmutableOopMap {[208]=Oop [232]=Oop [240]=Oop [256]=Oop [272]=Oop [328]=Oop }
                      ;*invokevirtual getObjectForBeanInstance {reexecute=0 rethrow=0 return_oop=0}
                      ; - org.springframework.beans.factory.support.AbstractBeanFactory::doGetBean@661 (line 378)
  0x000001ca5c679b10: cc55 c1ff 

  0x000001ca5c679b14: ;   {post_call_nop}
  0x000001ca5c679b14: 0f1f 8400 | 0c0b 001c | 488b 9c24 | 1001 0000 | 488b 9424 | d000 0000 | 4885 db0f | 8425 0000 
  0x000001ca5c679b34: ;   {metadata('org/springframework/core/metrics/DefaultApplicationStartup$DefaultStartupStep')}
  0x000001ca5c679b34: 0049 b8d0 | 5207 3d00 | 0000 008b | 7b08 41ba | 0000 003c | 4903 fa4c | 3b47 380f | 85e9 1300 
  0x000001ca5c679b54: 00e9 0000 | 0000 4c8b | c344 0fbe | 4261 4183 | e001 4585 | c00f 856d | 0700 0048 | 8984 2458 
  0x000001ca5c679b74: 0100 008b | b2a0 0000 | 004c 8b84 | 2400 0100 | 0048 8bd6 | 0f1f 4400 | 0048 b858 | d079 68ca 
  0x000001ca5c679b94: ;   {virtual_call}
  0x000001ca5c679b94: 0100 00e8 

  0x000001ca5c679b98: ; ImmutableOopMap {[208]=Oop [232]=Oop [240]=Oop [256]=Oop [344]=Oop }
                      ;*invokeinterface get {reexecute=0 rethrow=0 return_oop=0}
                      ; - org.springframework.beans.factory.support.AbstractBeanFactory::clearMergedBeanDefinition@5 (line 1524)
                      ; - org.springframework.beans.factory.support.DefaultListableBeanFactory::clearMergedBeanDefinition@2 (line 986)
                      ; - org.springframework.beans.factory.support.AbstractBeanFactory::doGetBean@702 (line 394)
  0x000001ca5c679b98: 4458 c1ff 

  0x000001ca5c679b9c: ;   {post_call_nop}
  0x000001ca5c679b9c: 0f1f 8400 | 940b 001d | 4885 c00f | 8425 0000 

  0x000001ca5c679bac: ;   {metadata('org/springframework/beans/factory/support/RootBeanDefinition')}
  0x000001ca5c679bac: 0048 ba60 | 4217 3d00 | 0000 008b | 7808 41ba | 0000 003c | 4903 fa48 | 3b57 500f | 8576 1300 
  0x000001ca5c679bcc: 00e9 0000 | 0000 488b | d048 85d2 | 0f84 c106 | 0000 be01 | 0000 0040 | 8872 67f0 | 8344 24c0 
  0x000001ca5c679bec: 00e9 ad06 | 0000 4c8b | 8424 1801 | 0000 488b | 9c24 1001 

  0x000001ca5c679c00: ;   {metadata('org/springframework/beans/factory/BeanCreationException')}
  0x000001ca5c679c00: 0000 48ba | 10dd 163d | 0000 0000 

  0x000001ca5c679c0c: ; implicit exception: dispatches to 0x000001ca5c67af51
  0x000001ca5c679c0c: 80ba 3001 | 0000 040f | 853d 1300 | 0049 8b87 | b001 0000 | 488d 7830 | 493b bfc0 | 0100 000f 
  0x000001ca5c679c2c: 8725 1300 | 0049 89bf | b001 0000 | 48c7 0001 | 0000 0048 | 8bca 41ba | 0000 003c | 492b ca89 
  0x000001ca5c679c4c: 4808 4833 | c989 480c | 4833 c948 | 8948 1048 | 8948 1848 | 8948 2048 | 8948 2848 | 8984 24c0 
  0x000001ca5c679c6c: 0100 0041 | 8b70 4c48 | 85f6 0f84 | 8d08 0000 | e963 0800 | 004c 8b84 | 24f0 0000 | 0049 8bd0 
  0x000001ca5c679c8c: ;   {static_call}
  0x000001ca5c679c8c: 6666 90e8 

  0x000001ca5c679c90: ; ImmutableOopMap {[208]=Oop [216]=Oop [232]=Oop [240]=Oop [264]=Oop }
                      ;*invokestatic transformedBeanName {reexecute=0 rethrow=0 return_oop=0}
                      ; - org.springframework.beans.factory.support.AbstractBeanFactory::transformedBeanName@2 (line 1272)
                      ; - org.springframework.beans.factory.support.AbstractBeanFactory::originalBeanName@2 (line 1281)
                      ; - org.springframework.beans.factory.support.AbstractBeanFactory::doGetBean@137 (line 269)
  0x000001ca5c679c90: 4c5a c1ff 

  0x000001ca5c679c94: ;   {post_call_nop}
  0x000001ca5c679c94: 0f1f 8400 | 8c0c 001e | 4c8b c048 | 8b94 24d0 

  0x000001ca5c679ca4: ;   {optimized virtual_call}
  0x000001ca5c679ca4: 0000 00e8 

  0x000001ca5c679ca8: ; ImmutableOopMap {[216]=Oop [232]=Oop [240]=Oop [264]=Oop }
                      ;*invokevirtual canonicalName {reexecute=0 rethrow=0 return_oop=0}
                      ; - org.springframework.beans.factory.support.AbstractBeanFactory::transformedBeanName@5 (line 1272)
                      ; - org.springframework.beans.factory.support.AbstractBeanFactory::originalBeanName@2 (line 1281)
                      ; - org.springframework.beans.factory.support.AbstractBeanFactory::doGetBean@137 (line 269)
  0x000001ca5c679ca8: 3454 c1ff 

  0x000001ca5c679cac: ;   {post_call_nop}
  0x000001ca5c679cac: 0f1f 8400 | a40c 001f | 4c8b 8424 | f000 0000 

  0x000001ca5c679cbc: ; implicit exception: dispatches to 0x000001ca5c67af63
  0x000001ca5c679cbc: 418b 5014 

  0x000001ca5c679cc0: ; implicit exception: dispatches to 0x000001ca5c67af68
  0x000001ca5c679cc0: 8b72 0c85 | f6bf 0000 | 0000 7505 | bf01 0000 | 0083 e701 | 85ff 0f85 | d000 0000 | 450f be40 
  0x000001ca5c679ce0: 1045 85c0 | 41b8 0000 | 0000 7506 | 41b8 0100 | 0000 4183 | e001 4585 | c00f 844a | 0000 0041 
  0x000001ca5c679d00: b800 0000 

  0x000001ca5c679d04: ;   {oop(a 'jdk/internal/util/Preconditions$4'{0x00000000a209aea0})}
  0x000001ca5c679d04: 0048 bfa0 | ae09 a200 | 0000 00bf | 0000 0000 | 443b c70f | 8c50 1200 | 0044 3bc6 | 0f8d 5412 
  0x000001ca5c679d24: 0000 85f6 | 0f86 5912 | 0000 0fbe | 5210 81e2 | ff00 0000 | 81e2 ffff | 0000 81e2 | ffff 0000 
  0x000001ca5c679d44: e939 0000 | 00d1 fe41 | b800 0000 

  0x000001ca5c679d50: ;   {oop(a 'jdk/internal/util/Preconditions$4'{0x00000000a209aea0})}
  0x000001ca5c679d50: 0048 bfa0 | ae09 a200 | 0000 00bf | 0000 0000 | 443b c70f | 8c30 1200 | 0044 3bc6 | 0f8d 3412 
  0x000001ca5c679d70: 0000 0fb7 | 5210 81e2 | ffff 0000 | 81e2 ffff | 0000 83fa | 260f 8521 | 0000 000f | 1f44 0000 
  0x000001ca5c679d90: ;   {other}
  0x000001ca5c679d90: e92d 1200 | 0090 9090 | 9090 488b 

  0x000001ca5c679d9c: ;   {static_call}
  0x000001ca5c679d9c: d066 90e8 

  0x000001ca5c679da0: ; ImmutableOopMap {[216]=Oop [232]=Oop [264]=Oop }
                      ;*invokedynamic {reexecute=0 rethrow=0 return_oop=0}
                      ; - org.springframework.beans.factory.support.AbstractBeanFactory::originalBeanName@24 (line 1283)
                      ; - org.springframework.beans.factory.support.AbstractBeanFactory::doGetBean@137 (line 269)
  0x000001ca5c679da0: 3c59 c1ff 

  0x000001ca5c679da4: ;   {post_call_nop}
  0x000001ca5c679da4: 0f1f 8400 | 9c0d 0020 | 488b b424 | 0801 0000 | 4885 f60f | 8425 0000 

  0x000001ca5c679dbc: ;   {metadata('org/springframework/beans/factory/support/AbstractBeanFactory')}
  0x000001ca5c679dbc: 0048 b918 | b116 3d00 | 0000 008b | 5e08 41ba | 0000 003c | 4903 da48 | 3b4b 500f | 8505 0000 
  0x000001ca5c679ddc: 00e9 0500 | 0000 4833 | d2eb 05ba | 0100 0000 | 85d2 488b | bc24 d800 | 0000 0f85 | 3b04 0000 
  0x000001ca5c679dfc: 4885 ff0f | 85fa 0300 | 004c 8b8c | 24e8 0000 | 004d 85c9 | 4c8b c00f | 84b6 0300 | 00e9 7b03 
  0x000001ca5c679e1c: 0000 4889 | 8424 6001 | 0000 488b | 9424 d000 | 0000 8b72 | 0c48 8bd6 | 9048 b880 | d079 68ca 
  0x000001ca5c679e3c: ;   {virtual_call}
  0x000001ca5c679e3c: 0100 00e8 

  0x000001ca5c679e40: ; ImmutableOopMap {[208]=Oop [232]=Oop [240]=Oop [256]=Oop [352]=Oop }
                      ;*invokeinterface isTraceEnabled {reexecute=0 rethrow=0 return_oop=0}
                      ; - org.springframework.beans.factory.support.AbstractBeanFactory::doGetBean@28 (line 246)
  0x000001ca5c679e40: 4ed4 f0ff 

  0x000001ca5c679e44: ;   {post_call_nop}
  0x000001ca5c679e44: 0f1f 8400 | 3c0e 0021 | 85c0 0f84 | fb02 0000 | 488b 9424 | d000 0000 | 8b72 304c | 8b84 2400 
  0x000001ca5c679e64: 0100 0048 | 8bd6 6666 | 9048 b8a8 | d079 68ca 

  0x000001ca5c679e74: ;   {virtual_call}
  0x000001ca5c679e74: 0100 00e8 

  0x000001ca5c679e78: ; ImmutableOopMap {[208]=Oop [232]=Oop [240]=Oop [256]=Oop [352]=Oop }
                      ;*invokeinterface contains {reexecute=0 rethrow=0 return_oop=0}
                      ; - org.springframework.beans.factory.support.DefaultSingletonBeanRegistry::isSingletonCurrentlyInCreation@5 (line 530)
                      ; - org.springframework.beans.factory.support.AbstractBeanFactory::doGetBean@39 (line 247)
  0x000001ca5c679e78: 6455 c1ff 

  0x000001ca5c679e7c: ;   {post_call_nop}
  0x000001ca5c679e7c: 0f1f 8400 | 740e 0022 | 83e0 0185 | c048 8b94 | 24d0 0000 | 000f 8462 | 0000 008b | 720c 660f 
  0x000001ca5c679e9c: 1f44 0000 

  0x000001ca5c679ea0: ;   {other}
  0x000001ca5c679ea0: e936 1100 | 0090 9090 | 9090 488b | 9424 0001 | 0000 4889 | b424 6801 | 0000 0f1f 

  0x000001ca5c679ebc: ;   {static_call}
  0x000001ca5c679ebc: 4400 00e8 

  0x000001ca5c679ec0: ; ImmutableOopMap {[208]=Oop [232]=Oop [240]=Oop [256]=Oop [352]=Oop [360]=Oop }
                      ;*invokedynamic {reexecute=0 rethrow=0 return_oop=0}
                      ; - org.springframework.beans.factory.support.AbstractBeanFactory::doGetBean@51 (line 248)
  0x000001ca5c679ec0: 1c58 c1ff 

  0x000001ca5c679ec4: ;   {post_call_nop}
  0x000001ca5c679ec4: 0f1f 8400 | bc0e 0023 | 4c8b c048 | 8b94 2468 | 0100 0066 | 0f1f 4400 | 0048 b8d0 | d079 68ca 
  0x000001ca5c679ee4: ;   {virtual_call}
  0x000001ca5c679ee4: 0100 00e8 

  0x000001ca5c679ee8: ; ImmutableOopMap {[208]=Oop [232]=Oop [240]=Oop [256]=Oop [352]=Oop }
                      ;*invokeinterface trace {reexecute=0 rethrow=0 return_oop=0}
                      ; - org.springframework.beans.factory.support.AbstractBeanFactory::doGetBean@56 (line 248)
  0x000001ca5c679ee8: f454 c1ff 

  0x000001ca5c679eec: ;   {post_call_nop}
  0x000001ca5c679eec: 0f1f 8400 | e40e 0024 | e956 0200 | 008b 720c | 0f1f 4000 

  0x000001ca5c679f00: ;   {other}
  0x000001ca5c679f00: e9ef 1000 | 0090 9090 | 9090 488b | 9424 0001 | 0000 4889 | b424 7001 | 0000 0f1f 

  0x000001ca5c679f1c: ;   {static_call}
  0x000001ca5c679f1c: 4400 00e8 

  0x000001ca5c679f20: ; ImmutableOopMap {[208]=Oop [232]=Oop [240]=Oop [256]=Oop [352]=Oop [368]=Oop }
                      ;*invokedynamic {reexecute=0 rethrow=0 return_oop=0}
                      ; - org.springframework.beans.factory.support.AbstractBeanFactory::doGetBean@70 (line 252)
  0x000001ca5c679f20: bc57 c1ff 

  0x000001ca5c679f24: ;   {post_call_nop}
  0x000001ca5c679f24: 0f1f 8400 | 1c0f 0025 | 4c8b c048 | 8b94 2470 | 0100 0066 | 0f1f 4400 | 0048 b8f8 | d079 68ca 
  0x000001ca5c679f44: ;   {virtual_call}
  0x000001ca5c679f44: 0100 00e8 

  0x000001ca5c679f48: ; ImmutableOopMap {[208]=Oop [232]=Oop [240]=Oop [256]=Oop [352]=Oop }
                      ;*invokeinterface trace {reexecute=0 rethrow=0 return_oop=0}
                      ; - org.springframework.beans.factory.support.AbstractBeanFactory::doGetBean@75 (line 252)
  0x000001ca5c679f48: 9454 c1ff 

  0x000001ca5c679f4c: ;   {post_call_nop}
  0x000001ca5c679f4c: 0f1f 8400 | 440f 0026 | e9f6 0100 | 004c 8b84 | 2418 0100 | 0048 8b9c | 2410 0100 | 004c 8b8c 
  0x000001ca5c679f6c: 24e8 0000 | 0049 8b87 | 6805 0000 | 4d33 d24d | 8997 6805 | 0000 4d33 | d24d 8997 | 7005 0000 
  0x000001ca5c679f8c: 4d85 c90f | 843f 0500 | 0048 8984 | 2478 0100 

  0x000001ca5c679f9c: ;   {metadata('org/springframework/beans/factory/BeanCreationException')}
  0x000001ca5c679f9c: 0048 ba10 | dd16 3d00 | 0000 0080 | ba30 0100 | 0004 0f85 | 4f10 0000 | 498b 87b0 | 0100 0048 
  0x000001ca5c679fbc: 8d78 3049 | 3bbf c001 | 0000 0f87 | 3710 0000 | 4989 bfb0 | 0100 0048 | c700 0100 | 0000 488b 
  0x000001ca5c679fdc: ca41 ba00 | 0000 3c49 | 2bca 8948 | 0848 33c9 | 8948 0c48 | 33c9 4889 | 4810 4889 | 4818 4889 
  0x000001ca5c679ffc: 4820 4889 | 4828 4889 | 8424 8001 | 0000 418b | 504c 4885 | d20f 8422 | 0000 0066 | 0f1f 4400 
  0x000001ca5c67a01c: 0048 b820 | d179 68ca 

  0x000001ca5c67a024: ;   {virtual_call}
  0x000001ca5c67a024: 0100 00e8 

  0x000001ca5c67a028: ; ImmutableOopMap {[208]=Oop [232]=Oop [256]=Oop [272]=Oop [376]=Oop [384]=Oop }
                      ;*invokeinterface getDescription {reexecute=0 rethrow=0 return_oop=0}
                      ; - org.springframework.beans.factory.support.AbstractBeanDefinition::getResourceDescription@11 (line 1212)
                      ; - org.springframework.beans.factory.support.AbstractBeanFactory::doGetBean@414 (line 319)
  0x000001ca5c67a028: b453 c1ff 

  0x000001ca5c67a02c: ;   {post_call_nop}
  0x000001ca5c67a02c: 0f1f 8400 | 2410 0027 | e90a 0000 

  0x000001ca5c67a038: ;   {oop(nullptr)}
  0x000001ca5c67a038: 0048 b800 | 0000 0000 | 0000 0048 | 8984 2488 | 0100 0048 | 8b94 2478 | 0100 0066 | 9048 b848 
  0x000001ca5c67a058: d179 68ca 

  0x000001ca5c67a05c: ;   {virtual_call}
  0x000001ca5c67a05c: 0100 00e8 

  0x000001ca5c67a060: ; ImmutableOopMap {[208]=Oop [232]=Oop [256]=Oop [272]=Oop [376]=Oop [384]=Oop [392]=Oop }
                      ;*invokevirtual getBeanName {reexecute=0 rethrow=0 return_oop=0}
                      ; - org.springframework.beans.factory.support.AbstractBeanFactory::doGetBean@421 (line 320)
  0x000001ca5c67a060: 7c53 c1ff 

  0x000001ca5c67a064: ;   {post_call_nop}
  0x000001ca5c67a064: 0f1f 8400 | 5c10 0028 | 4889 8424 | 9001 0000 | 4c8b 8c24 | e800 0000 

  0x000001ca5c67a07c: ; implicit exception: dispatches to 0x000001ca5c67b010
  0x000001ca5c67a07c: 493b 0149 | 8bd1 0f1f 

  0x000001ca5c67a084: ;   {optimized virtual_call}
  0x000001ca5c67a084: 4400 00e8 

  0x000001ca5c67a088: ; ImmutableOopMap {[208]=Oop [232]=Oop [256]=Oop [272]=Oop [376]=Oop [384]=Oop [392]=Oop [400]=Oop }
                      ;*invokevirtual reflectionData {reexecute=0 rethrow=0 return_oop=0}
                      ; - java.lang.Class::getSimpleName@1 (line 1670)
                      ; - org.springframework.beans.factory.support.AbstractBeanFactory::doGetBean@425 (line 321)
  0x000001ca5c67a088: 5450 c1ff 

  0x000001ca5c67a08c: ;   {post_call_nop}
  0x000001ca5c67a08c: 0f1f 8400 | 8410 0029 

  0x000001ca5c67a094: ; implicit exception: dispatches to 0x000001ca5c67b015
  0x000001ca5c67a094: 8b50 3448 | 85d2 0f85 | 8703 0000 | e91f 0300 | 004c 8b84 | 2418 0100 | 0049 8b87 | 6805 0000 
  0x000001ca5c67a0b4: 4d33 d24d | 8997 6805 | 0000 4d33 | d24d 8997 | 7005 0000 | 4889 8424 | 9801 0000 

  0x000001ca5c67a0d0: ;   {metadata('org/springframework/beans/factory/BeanCreationException')}
  0x000001ca5c67a0d0: 48ba 10dd | 163d 0000 | 0000 80ba | 3001 0000 | 040f 8538 | 0f00 0049 | 8b87 b001 | 0000 488d 
  0x000001ca5c67a0f0: 7830 493b | bfc0 0100 | 000f 8720 | 0f00 0049 | 89bf b001 | 0000 48c7 | 0001 0000 | 0048 8bca 
  0x000001ca5c67a110: 41ba 0000 | 003c 492b | ca89 4808 | 4833 c989 | 480c 4833 | c948 8948 | 1048 8948 | 1848 8948 
  0x000001ca5c67a130: 2048 8948 | 2848 8984 | 24a0 0100 | 0041 8b70 | 4c48 85f6 | 0f84 ef01 | 0000 e9c8 | 0100 0048 
  0x000001ca5c67a150: 8b84 2460 | 0100 004c | 8bc0 4c8b | 8c24 e800 | 0000 488b | bc24 f000 | 0000 488b | b424 0001 
  0x000001ca5c67a170: ;   {oop(nullptr)}
  0x000001ca5c67a170: 0000 48b9 | 0000 0000 | 0000 0000 | 488b 9424 | d000 0000 

  0x000001ca5c67a184: ;   {optimized virtual_call}
  0x000001ca5c67a184: 6666 90e8 

  0x000001ca5c67a188: ; ImmutableOopMap {[208]=Oop [232]=Oop [240]=Oop }
                      ;*invokevirtual getObjectForBeanInstance {reexecute=0 rethrow=0 return_oop=0}
                      ; - org.springframework.beans.factory.support.AbstractBeanFactory::doGetBean@88 (line 255)
  0x000001ca5c67a188: 1417 0000 

  0x000001ca5c67a18c: ;   {post_call_nop}
  0x000001ca5c67a18c: 0f1f 8400 | 8411 002a | e943 0100 | 004c 8b8c | 24e8 0000 | 0048 8bd6 | 9048 b870 | d179 68ca 
  0x000001ca5c67a1ac: ;   {virtual_call}
  0x000001ca5c67a1ac: 0100 00e8 

  0x000001ca5c67a1b0: ; ImmutableOopMap {}
                      ;*invokeinterface getBean {reexecute=0 rethrow=0 return_oop=0}
                      ; - org.springframework.beans.factory.support.AbstractBeanFactory::doGetBean@193 (line 279)
  0x000001ca5c67a1b0: 2c52 c1ff 

  0x000001ca5c67a1b4: ;   {post_call_nop}
  0x000001ca5c67a1b4: 0f1f 8400 | ac11 002b | 4881 c440 | 0200 005d 

  0x000001ca5c67a1c4: ;   {poll_return}
  0x000001ca5c67a1c4: 493b 6728 | 0f87 5e0e | 0000 c348 | 8bd6 6666 | 9048 b898 | d179 68ca 

  0x000001ca5c67a1dc: ;   {virtual_call}
  0x000001ca5c67a1dc: 0100 00e8 

  0x000001ca5c67a1e0: ; ImmutableOopMap {}
                      ;*invokeinterface getBean {reexecute=0 rethrow=0 return_oop=0}
                      ; - org.springframework.beans.factory.support.AbstractBeanFactory::doGetBean@203 (line 282)
  0x000001ca5c67a1e0: fc51 c1ff 

  0x000001ca5c67a1e4: ;   {post_call_nop}
  0x000001ca5c67a1e4: 0f1f 8400 | dc11 002c | 4881 c440 | 0200 005d 

  0x000001ca5c67a1f4: ;   {poll_return}
  0x000001ca5c67a1f4: 493b 6728 | 0f87 440e | 0000 c34c | 8bc0 4c8b | cf48 8bd6 | 0f1f 4400 | 0048 b8c0 | d179 68ca 
  0x000001ca5c67a214: ;   {virtual_call}
  0x000001ca5c67a214: 0100 00e8 

  0x000001ca5c67a218: ; ImmutableOopMap {}
                      ;*invokeinterface getBean {reexecute=0 rethrow=0 return_oop=0}
                      ; - org.springframework.beans.factory.support.AbstractBeanFactory::doGetBean@178 (line 275)
  0x000001ca5c67a218: c451 c1ff 

  0x000001ca5c67a21c: ;   {post_call_nop}
  0x000001ca5c67a21c: 0f1f 8400 | 1412 002d | 4881 c440 | 0200 005d 

  0x000001ca5c67a22c: ;   {poll_return}
  0x000001ca5c67a22c: 493b 6728 | 0f87 220e | 0000 c348 | 85f6 0f84 | 2600 0000 

  0x000001ca5c67a240: ;   {metadata('org/springframework/beans/factory/support/AbstractBeanFactory')}
  0x000001ca5c67a240: 48ba 18b1 | 163d 0000 | 0000 448b | 4e08 41ba | 0000 003c | 4d03 ca49 | 3b51 500f | 850d 0e00 
  0x000001ca5c67a260: 00e9 0000 | 0000 488b | d648 3b02 | 4c8b c04c | 8b8c 24e8 | 0000 008b | b424 e000 

  0x000001ca5c67a27c: ;   {optimized virtual_call}
  0x000001ca5c67a27c: 0000 90e8 

  0x000001ca5c67a280: ; ImmutableOopMap {}
                      ;*invokevirtual doGetBean {reexecute=0 rethrow=0 return_oop=0}
                      ; - org.springframework.beans.factory.support.AbstractBeanFactory::doGetBean@165 (line 271)
  0x000001ca5c67a280: 5c4e c1ff 

  0x000001ca5c67a284: ;   {post_call_nop}
  0x000001ca5c67a284: 0f1f 8400 | 7c12 002e | 4881 c440 | 0200 005d 

  0x000001ca5c67a294: ;   {poll_return}
  0x000001ca5c67a294: 493b 6728 | 0f87 de0d | 0000 c348 | 8b94 24d0 | 0000 008b | b2ec 0000 | 004c 8b84 | 2400 0100 
  0x000001ca5c67a2b4: 0048 8bd6 | 0f1f 4400 | 0048 b8e8 | d179 68ca 

  0x000001ca5c67a2c4: ;   {virtual_call}
  0x000001ca5c67a2c4: 0100 00e8 

  0x000001ca5c67a2c8: ; ImmutableOopMap {[208]=Oop [232]=Oop [240]=Oop [344]=Oop }
                      ;*invokeinterface remove {reexecute=0 rethrow=0 return_oop=0}
                      ; - org.springframework.beans.factory.support.DefaultListableBeanFactory::clearMergedBeanDefinition@10 (line 987)
                      ; - org.springframework.beans.factory.support.AbstractBeanFactory::doGetBean@702 (line 394)
  0x000001ca5c67a2c8: 1451 c1ff 

  0x000001ca5c67a2cc: ;   {post_call_nop}
  0x000001ca5c67a2cc: 0f1f 8400 | c412 002f | 488b 8424 | 5801 0000 | 4c8b 8424 | f000 0000 | 4c8b c848 | 8bbc 24e8 
  0x000001ca5c67a2ec: 0000 0048 | 8b94 24d0 

  0x000001ca5c67a2f4: ;   {optimized virtual_call}
  0x000001ca5c67a2f4: 0000 00e8 

  0x000001ca5c67a2f8: ; ImmutableOopMap {}
                      ;*invokevirtual adaptBeanInstance {reexecute=0 rethrow=0 return_oop=0}
                      ; - org.springframework.beans.factory.support.AbstractBeanFactory::doGetBean@787 (line 399)
  0x000001ca5c67a2f8: a421 0000 

  0x000001ca5c67a2fc: ;   {post_call_nop}
  0x000001ca5c67a2fc: 0f1f 8400 | f412 0030 | 4881 c440 | 0200 005d 

  0x000001ca5c67a30c: ;   {poll_return}
  0x000001ca5c67a30c: 493b 6728 | 0f87 7c0d | 0000 c348 | 8bd6 6666 | 9048 b810 | d279 68ca 

  0x000001ca5c67a324: ;   {virtual_call}
  0x000001ca5c67a324: 0100 00e8 

  0x000001ca5c67a328: ; ImmutableOopMap {[208]=Oop [256]=Oop [272]=Oop [288]=Oop [408]=Oop [416]=Oop }
                      ;*invokeinterface getDescription {reexecute=0 rethrow=0 return_oop=0}
                      ; - org.springframework.beans.factory.support.AbstractBeanDefinition::getResourceDescription@11 (line 1212)
                      ; - org.springframework.beans.factory.support.AbstractBeanFactory::doGetBean@382 (line 312)
  0x000001ca5c67a328: b450 c1ff 

  0x000001ca5c67a32c: ;   {post_call_nop}
  0x000001ca5c67a32c: 0f1f 8400 | 2413 0031 | e90a 0000 

  0x000001ca5c67a338: ;   {oop(nullptr)}
  0x000001ca5c67a338: 0048 b800 | 0000 0000 | 0000 0048 | 8984 24a8 | 0100 000f | 1f44 0000 

  0x000001ca5c67a350: ;   {other}
  0x000001ca5c67a350: e962 0d00 | 0090 9090 | 9090 488b | 9424 0001 | 0000 4c8b | 8424 2001 | 0000 0f1f 

  0x000001ca5c67a36c: ;   {static_call}
  0x000001ca5c67a36c: 4400 00e8 

  0x000001ca5c67a370: ; ImmutableOopMap {[208]=Oop [256]=Oop [272]=Oop [408]=Oop [416]=Oop [424]=Oop }
                      ;*invokedynamic {reexecute=0 rethrow=0 return_oop=0}
                      ; - org.springframework.beans.factory.support.AbstractBeanFactory::doGetBean@391 (line 312)
  0x000001ca5c67a370: 6c53 c1ff 

  0x000001ca5c67a374: ;   {post_call_nop}
  0x000001ca5c67a374: 0f1f 8400 | 6c13 0032 | 4c8b 8424 | a801 0000 | 4c8b 8c24 | 0001 0000 | 488b f848 | 8bb4 2498 
  0x000001ca5c67a394: 0100 0048 | 8b94 24a0 

  0x000001ca5c67a39c: ;   {optimized virtual_call}
  0x000001ca5c67a39c: 0100 00e8 

  0x000001ca5c67a3a0: ; ImmutableOopMap {[208]=Oop [256]=Oop [272]=Oop [416]=Oop }
                      ;*invokespecial <init> {reexecute=0 rethrow=0 return_oop=0}
                      ; - org.springframework.beans.factory.support.AbstractBeanFactory::doGetBean@398 (line 312)
  0x000001ca5c67a3a0: 3c4d c1ff 

  0x000001ca5c67a3a4: ;   {post_call_nop}
  0x000001ca5c67a3a4: 0f1f 8400 | 9c13 0033 | 488b 8424 

  0x000001ca5c67a3b0: ; ImmutableOopMap {rax=Oop [208]=Oop [256]=Oop [272]=Oop }
                      ;*athrow {reexecute=1 rethrow=0 return_oop=0}
                      ; - (reexecute) org.springframework.beans.factory.support.AbstractBeanFactory::doGetBean@401 (line 312)
  0x000001ca5c67a3b0: a001 0000 

  0x000001ca5c67a3b4: ;   {section_word}
  0x000001ca5c67a3b4: 48ba b4a3 | 675c ca01 

  0x000001ca5c67a3bc: ;   {runtime_call C1 Runtime handle_exception_nofpu_blob}
  0x000001ca5c67a3bc: 0000 e89d | 3fcc ff90 | 4889 8424 | b001 0000 | 488b 9424 | e800 0000 

  0x000001ca5c67a3d4: ;   {optimized virtual_call}
  0x000001ca5c67a3d4: 6666 90e8 

  0x000001ca5c67a3d8: ; ImmutableOopMap {[208]=Oop [256]=Oop [272]=Oop [376]=Oop [384]=Oop [392]=Oop [400]=Oop [432]=Oop }
                      ;*invokevirtual getSimpleName0 {reexecute=0 rethrow=0 return_oop=0}
                      ; - java.lang.Class::getSimpleName@16 (line 1673)
                      ; - org.springframework.beans.factory.support.AbstractBeanFactory::doGetBean@425 (line 321)
  0x000001ca5c67a3d8: 044d c1ff 

  0x000001ca5c67a3dc: ;   {post_call_nop}
  0x000001ca5c67a3dc: 0f1f 8400 | d413 0035 | 410f be57 | 4885 d248 | 8b94 24b0 | 0100 000f | 85c8 0c00 | 004c 8bd0 
  0x000001ca5c67a3fc: 4489 5234 | 488b fa48 | 33f8 48c1 | ef14 7418 | 4885 c074 | 1348 8bfa | 48c1 ef09 | 4903 7f50 
  0x000001ca5c67a41c: 803f ff75 | 03c6 0700 | 488b d048 | 8994 24b8 | 0100 0048 | 8b94 2478 | 0100 0066 | 0f1f 4400 
  0x000001ca5c67a43c: 0048 b838 | d279 68ca 

  0x000001ca5c67a444: ;   {virtual_call}
  0x000001ca5c67a444: 0100 00e8 

  0x000001ca5c67a448: ; ImmutableOopMap {[208]=Oop [256]=Oop [272]=Oop [376]=Oop [384]=Oop [392]=Oop [400]=Oop [440]=Oop }
                      ;*invokevirtual getMessage {reexecute=0 rethrow=0 return_oop=0}
                      ; - org.springframework.beans.factory.support.AbstractBeanFactory::doGetBean@432 (line 322)
  0x000001ca5c67a448: 944f c1ff 

  0x000001ca5c67a44c: ;   {post_call_nop}
  0x000001ca5c67a44c: 0f1f 8400 | 4414 0036 | 0f1f 4000 

  0x000001ca5c67a458: ;   {other}
  0x000001ca5c67a458: e98d 0c00 | 0090 9090 | 9090 488b | 9424 9001 | 0000 4c8b | 8424 b801 | 0000 4c8b | 8c24 0001 
  0x000001ca5c67a478: 0000 488b 

  0x000001ca5c67a47c: ;   {static_call}
  0x000001ca5c67a47c: f866 90e8 

  0x000001ca5c67a480: ; ImmutableOopMap {[208]=Oop [256]=Oop [272]=Oop [376]=Oop [384]=Oop [392]=Oop }
                      ;*invokedynamic {reexecute=0 rethrow=0 return_oop=0}
                      ; - org.springframework.beans.factory.support.AbstractBeanFactory::doGetBean@435 (line 322)
  0x000001ca5c67a480: 5c52 c1ff 

  0x000001ca5c67a484: ;   {post_call_nop}
  0x000001ca5c67a484: 0f1f 8400 | 7c14 0037 | 4c8b 8424 | 8801 0000 | 4c8b 8c24 | 0001 0000 | 488b f848 | 8bb4 2478 
  0x000001ca5c67a4a4: 0100 0048 | 8b94 2480 

  0x000001ca5c67a4ac: ;   {optimized virtual_call}
  0x000001ca5c67a4ac: 0100 00e8 

  0x000001ca5c67a4b0: ; ImmutableOopMap {[208]=Oop [256]=Oop [272]=Oop [384]=Oop }
                      ;*invokespecial <init> {reexecute=0 rethrow=0 return_oop=0}
                      ; - org.springframework.beans.factory.support.AbstractBeanFactory::doGetBean@442 (line 322)
  0x000001ca5c67a4b0: 2c4c c1ff 

  0x000001ca5c67a4b4: ;   {post_call_nop}
  0x000001ca5c67a4b4: 0f1f 8400 | ac14 0038 | 488b 8424 

  0x000001ca5c67a4c0: ; ImmutableOopMap {rax=Oop [208]=Oop [256]=Oop [272]=Oop }
                      ;*athrow {reexecute=1 rethrow=0 return_oop=0}
                      ; - (reexecute) org.springframework.beans.factory.support.AbstractBeanFactory::doGetBean@445 (line 322)
  0x000001ca5c67a4c0: 8001 0000 

  0x000001ca5c67a4c4: ;   {section_word}
  0x000001ca5c67a4c4: 48ba c4a4 | 675c ca01 

  0x000001ca5c67a4cc: ;   {runtime_call C1 Runtime handle_exception_nofpu_blob}
  0x000001ca5c67a4cc: 0000 e88d 

  0x000001ca5c67a4d0: ; ImmutableOopMap {rax=Oop [208]=Oop [256]=Oop [272]=Oop }
                      ;*athrow {reexecute=1 rethrow=0 return_oop=0}
                      ; - (reexecute) org.springframework.beans.factory.support.AbstractBeanFactory::doGetBean@448 (line 324)
  0x000001ca5c67a4d0: 3ecc ff90 

  0x000001ca5c67a4d4: ;   {section_word}
  0x000001ca5c67a4d4: 48ba d4a4 | 675c ca01 

  0x000001ca5c67a4dc: ;   {runtime_call C1 Runtime handle_exception_nofpu_blob}
  0x000001ca5c67a4dc: 0000 e87d | 3ecc ff90 | 488b d666 | 0f1f 4400 | 0048 b860 | d279 68ca 

  0x000001ca5c67a4f4: ;   {virtual_call}
  0x000001ca5c67a4f4: 0100 00e8 

  0x000001ca5c67a4f8: ; ImmutableOopMap {[208]=Oop [256]=Oop [272]=Oop [288]=Oop [448]=Oop }
                      ;*invokeinterface getDescription {reexecute=0 rethrow=0 return_oop=0}
                      ; - org.springframework.beans.factory.support.AbstractBeanDefinition::getResourceDescription@11 (line 1212)
                      ; - org.springframework.beans.factory.support.AbstractBeanFactory::doGetBean@338 (line 304)
  0x000001ca5c67a4f8: e44e c1ff 

  0x000001ca5c67a4fc: ;   {post_call_nop}
  0x000001ca5c67a4fc: 0f1f 8400 | f414 003b | e90a 0000 

  0x000001ca5c67a508: ;   {oop(nullptr)}
  0x000001ca5c67a508: 0048 b800 | 0000 0000 | 0000 0048 | 8984 24c8 | 0100 000f | 1f44 0000 

  0x000001ca5c67a520: ;   {other}
  0x000001ca5c67a520: e9de 0b00 | 0090 9090 | 9090 488b | 9424 0001 | 0000 4c8b | 8424 2001 | 0000 0f1f 

  0x000001ca5c67a53c: ;   {static_call}
  0x000001ca5c67a53c: 4400 00e8 

  0x000001ca5c67a540: ; ImmutableOopMap {[208]=Oop [256]=Oop [272]=Oop [448]=Oop [456]=Oop }
                      ;*invokedynamic {reexecute=0 rethrow=0 return_oop=0}
                      ; - org.springframework.beans.factory.support.AbstractBeanFactory::doGetBean@347 (line 304)
  0x000001ca5c67a540: 9c51 c1ff 

  0x000001ca5c67a544: ;   {post_call_nop}
  0x000001ca5c67a544: 0f1f 8400 | 3c15 003c | 4c8b 8424 | c801 0000 | 4c8b 8c24 | 0001 0000 | 488b f848 | 8b94 24c0 
  0x000001ca5c67a564: ;   {optimized virtual_call}
  0x000001ca5c67a564: 0100 00e8 

  0x000001ca5c67a568: ; ImmutableOopMap {[208]=Oop [256]=Oop [272]=Oop [448]=Oop }
                      ;*invokespecial <init> {reexecute=0 rethrow=0 return_oop=0}
                      ; - org.springframework.beans.factory.support.AbstractBeanFactory::doGetBean@352 (line 304)
  0x000001ca5c67a568: 744b c1ff 

  0x000001ca5c67a56c: ;   {post_call_nop}
  0x000001ca5c67a56c: 0f1f 8400 | 6415 003d | 488b 8424 

  0x000001ca5c67a578: ; ImmutableOopMap {rax=Oop [208]=Oop [256]=Oop [272]=Oop }
                      ;*athrow {reexecute=1 rethrow=0 return_oop=0}
                      ; - (reexecute) org.springframework.beans.factory.support.AbstractBeanFactory::doGetBean@355 (line 304)
  0x000001ca5c67a578: c001 0000 

  0x000001ca5c67a57c: ;   {section_word}
  0x000001ca5c67a57c: 48ba 7ca5 | 675c ca01 

  0x000001ca5c67a584: ;   {runtime_call C1 Runtime handle_exception_nofpu_blob}
  0x000001ca5c67a584: 0000 e8d5 | 3dcc ff90 

  0x000001ca5c67a58c: ;   {metadata('java/lang/IllegalStateException')}
  0x000001ca5c67a58c: 48ba 581a | 003d 0000 | 0000 498b | 87b0 0100 | 0048 8d78 | 2849 3bbf | c001 0000 | 0f87 5f0b 
  0x000001ca5c67a5ac: 0000 4989 | bfb0 0100 | 0048 c700 | 0100 0000 | 488b ca41 | ba00 0000 | 3c49 2bca | 8948 0848 
  0x000001ca5c67a5cc: 33c9 8948 | 0c48 33c9 | 4889 4810 | 4889 4818 | 4889 4820 

  0x000001ca5c67a5e0: ;   {other}
  0x000001ca5c67a5e0: e944 0b00 | 0090 9090 | 9090 488b | 9424 4801 | 0000 4889 | 8424 d001 | 0000 0f1f 

  0x000001ca5c67a5fc: ;   {static_call}
  0x000001ca5c67a5fc: 4400 00e8 

  0x000001ca5c67a600: ; ImmutableOopMap {[208]=Oop [256]=Oop [272]=Oop [464]=Oop }
                      ;*invokedynamic {reexecute=0 rethrow=0 return_oop=0}
                      ; - org.springframework.beans.factory.support.AbstractBeanFactory::doGetBean@621 (line 366)
  0x000001ca5c67a600: dc50 c1ff 

  0x000001ca5c67a604: ;   {post_call_nop}
  0x000001ca5c67a604: 0f1f 8400 | fc15 003f | 4c8b c048 | 8b94 24d0 

  0x000001ca5c67a614: ;   {optimized virtual_call}
  0x000001ca5c67a614: 0100 00e8 

  0x000001ca5c67a618: ; ImmutableOopMap {[208]=Oop [256]=Oop [272]=Oop [464]=Oop }
                      ;*invokespecial <init> {reexecute=0 rethrow=0 return_oop=0}
                      ; - org.springframework.beans.factory.support.AbstractBeanFactory::doGetBean@626 (line 366)
  0x000001ca5c67a618: c44a c1ff 

  0x000001ca5c67a61c: ;   {post_call_nop}
  0x000001ca5c67a61c: 0f1f 8400 | 1416 0040 | 488b 8424 

  0x000001ca5c67a628: ; ImmutableOopMap {rax=Oop [208]=Oop [256]=Oop [272]=Oop }
                      ;*athrow {reexecute=1 rethrow=0 return_oop=0}
                      ; - (reexecute) org.springframework.beans.factory.support.AbstractBeanFactory::doGetBean@629 (line 366)
  0x000001ca5c67a628: d001 0000 

  0x000001ca5c67a62c: ;   {section_word}
  0x000001ca5c67a62c: 48ba 2ca6 | 675c ca01 

  0x000001ca5c67a634: ;   {runtime_call C1 Runtime handle_exception_nofpu_blob}
  0x000001ca5c67a634: 0000 e825 | 3dcc ff90 

  0x000001ca5c67a63c: ;   {metadata('java/lang/IllegalStateException')}
  0x000001ca5c67a63c: 48ba 581a | 003d 0000 | 0000 498b | 87b0 0100 | 0048 8d78 | 2849 3bbf | c001 0000 | 0f87 d50a 
  0x000001ca5c67a65c: 0000 4989 | bfb0 0100 | 0048 c700 | 0100 0000 | 488b ca41 | ba00 0000 | 3c49 2bca | 8948 0848 
  0x000001ca5c67a67c: 33c9 8948 | 0c48 33c9 | 4889 4810 | 4889 4818 | 4889 4820 

  0x000001ca5c67a690: ;   {other}
  0x000001ca5c67a690: e9ba 0a00 | 0090 9090 | 9090 488b | 9424 0001 | 0000 4889 | 8424 d801 | 0000 0f1f 

  0x000001ca5c67a6ac: ;   {static_call}
  0x000001ca5c67a6ac: 4400 00e8 

  0x000001ca5c67a6b0: ; ImmutableOopMap {[208]=Oop [256]=Oop [272]=Oop [472]=Oop }
                      ;*invokedynamic {reexecute=0 rethrow=0 return_oop=0}
                      ; - org.springframework.beans.factory.support.AbstractBeanFactory::doGetBean@585 (line 362)
  0x000001ca5c67a6b0: 2c50 c1ff 

  0x000001ca5c67a6b4: ;   {post_call_nop}
  0x000001ca5c67a6b4: 0f1f 8400 | ac16 0042 | 4c8b c048 | 8b94 24d8 

  0x000001ca5c67a6c4: ;   {optimized virtual_call}
  0x000001ca5c67a6c4: 0100 00e8 

  0x000001ca5c67a6c8: ; ImmutableOopMap {[208]=Oop [256]=Oop [272]=Oop [472]=Oop }
                      ;*invokespecial <init> {reexecute=0 rethrow=0 return_oop=0}
                      ; - org.springframework.beans.factory.support.AbstractBeanFactory::doGetBean@590 (line 362)
  0x000001ca5c67a6c8: 144a c1ff 

  0x000001ca5c67a6cc: ;   {post_call_nop}
  0x000001ca5c67a6cc: 0f1f 8400 | c416 0043 | 488b 8424 

  0x000001ca5c67a6d8: ; ImmutableOopMap {rax=Oop [208]=Oop [256]=Oop [272]=Oop }
                      ;*athrow {reexecute=1 rethrow=0 return_oop=0}
                      ; - (reexecute) org.springframework.beans.factory.support.AbstractBeanFactory::doGetBean@593 (line 362)
  0x000001ca5c67a6d8: d801 0000 

  0x000001ca5c67a6dc: ;   {section_word}
  0x000001ca5c67a6dc: 48ba dca6 | 675c ca01 

  0x000001ca5c67a6e4: ;   {runtime_call C1 Runtime handle_exception_nofpu_blob}
  0x000001ca5c67a6e4: 0000 e875 | 3ccc ff90 

  0x000001ca5c67a6ec: ;   {metadata('java/lang/NullPointerException')}
  0x000001ca5c67a6ec: 48ba 184a | 1e3c 0000 | 0000 498b | 87b0 0100 | 0048 8d78 | 3049 3bbf | c001 0000 | 0f87 4b0a 
  0x000001ca5c67a70c: 0000 4989 | bfb0 0100 | 0048 c700 | 0100 0000 | 488b ca41 | ba00 0000 | 3c49 2bca | 8948 0848 
  0x000001ca5c67a72c: 33c9 8948 | 0c48 33c9 | 4889 4810 | 4889 4818 | 4889 4820 | 4889 4828 | 488b d048 | 8984 24e0 
  0x000001ca5c67a74c: ;   {optimized virtual_call}
  0x000001ca5c67a74c: 0100 00e8 

  0x000001ca5c67a750: ; ImmutableOopMap {[208]=Oop [216]=Oop [232]=Oop [240]=Oop [256]=Oop [272]=Oop [480]=Oop }
                      ;*invokespecial <init> {reexecute=0 rethrow=0 return_oop=0}
                      ; - java.util.Objects::requireNonNull@8 (line 220)
                      ; - org.springframework.beans.factory.support.AbstractBeanFactory::doGetBean@251 (line 294)
  0x000001ca5c67a750: 8c49 c1ff 

  0x000001ca5c67a754: ;   {post_call_nop}
  0x000001ca5c67a754: 0f1f 8400 | 4c17 0045 | 488b 8424 

  0x000001ca5c67a760: ; ImmutableOopMap {rax=Oop [208]=Oop [216]=Oop [232]=Oop [240]=Oop [256]=Oop [272]=Oop }
                      ;*athrow {reexecute=1 rethrow=0 return_oop=0}
                      ; - (reexecute) java.util.Objects::requireNonNull@11 (line 220)
                      ; - org.springframework.beans.factory.support.AbstractBeanFactory::doGetBean@251 (line 294)
  0x000001ca5c67a760: e001 0000 

  0x000001ca5c67a764: ;   {section_word}
  0x000001ca5c67a764: 48ba 64a7 | 675c ca01 

  0x000001ca5c67a76c: ;   {runtime_call C1 Runtime handle_exception_nofpu_blob}
  0x000001ca5c67a76c: 0000 e8ed | 3bcc ff90 | 4889 8424 | 0001 0000 

  0x000001ca5c67a77c: ;   {metadata('java/lang/IllegalArgumentException')}
  0x000001ca5c67a77c: 48ba c02c | 1e3c 0000 | 0000 498b | 87b0 0100 | 0048 8d78 | 2849 3bbf | c001 0000 | 0f87 c809 
  0x000001ca5c67a79c: 0000 4989 | bfb0 0100 | 0048 c700 | 0100 0000 | 488b ca41 | ba00 0000 | 3c49 2bca | 8948 0848 
  0x000001ca5c67a7bc: 33c9 8948 | 0c48 33c9 | 4889 4810 | 4889 4818 | 4889 4820 

  0x000001ca5c67a7d0: ;   {oop("Bean name must not be null"{0x00000000a24c74b0})}
  0x000001ca5c67a7d0: 49b8 b074 | 4ca2 0000 | 0000 488b | d048 8984 | 24e8 0100 

  0x000001ca5c67a7e4: ;   {optimized virtual_call}
  0x000001ca5c67a7e4: 0066 90e8 

  0x000001ca5c67a7e8: ; ImmutableOopMap {[208]=Oop [216]=Oop [232]=Oop [240]=Oop [256]=Oop [264]=Oop [488]=Oop }
                      ;*invokespecial <init> {reexecute=0 rethrow=0 return_oop=0}
                      ; - org.springframework.util.Assert::notNull@9 (line 182)
                      ; - org.springframework.beans.factory.support.DefaultListableBeanFactory::containsBeanDefinition@3 (line 413)
                      ; - org.springframework.beans.factory.support.AbstractBeanFactory::doGetBean@129 (line 267)
  0x000001ca5c67a7e8: f448 c1ff 

  0x000001ca5c67a7ec: ;   {post_call_nop}
  0x000001ca5c67a7ec: 0f1f 8400 | e417 0047 | 488b 8424 | e801 0000 | e9ad 0a00 

  0x000001ca5c67a800: ;   {metadata('org/springframework/beans/factory/BeanCurrentlyInCreationException')}
  0x000001ca5c67a800: 0048 baf0 | e116 3d00 | 0000 0080 | ba30 0100 | 0004 0f85 | 6009 0000 | 498b 87b0 | 0100 0048 
  0x000001ca5c67a820: 8d78 3049 | 3bbf c001 | 0000 0f87 | 4809 0000 | 4989 bfb0 | 0100 0048 | c700 0100 | 0000 488b 
  0x000001ca5c67a840: ca41 ba00 | 0000 3c49 | 2bca 8948 | 0848 33c9 | 8948 0c48 | 33c9 4889 | 4810 4889 | 4818 4889 
  0x000001ca5c67a860: 4820 4889 | 4828 4c8b | 8424 0001 | 0000 488b | d048 8984 | 24f0 0100 | 0066 0f1f 

  0x000001ca5c67a87c: ;   {optimized virtual_call}
  0x000001ca5c67a87c: 4400 00e8 

  0x000001ca5c67a880: ; ImmutableOopMap {[496]=Oop }
                      ;*invokespecial <init> {reexecute=0 rethrow=0 return_oop=0}
                      ; - org.springframework.beans.factory.support.AbstractBeanFactory::doGetBean@111 (line 262)
  0x000001ca5c67a880: 5c48 c1ff 

  0x000001ca5c67a884: ;   {post_call_nop}
  0x000001ca5c67a884: 0f1f 8400 | 7c18 0048 | 488b 8424 | f001 0000 | e915 0a00 | 0049 8b87 | 6805 0000 | 4d33 d24d 
  0x000001ca5c67a8a4: 8997 6805 | 0000 4d33 | d24d 8997 | 7005 0000 

  0x000001ca5c67a8b4: ;   {metadata('org/springframework/beans/factory/support/ScopeNotActiveException')}
  0x000001ca5c67a8b4: 488b d848 | ba00 0017 | 3d00 0000 | 0080 ba30 | 0100 0004 | 0f85 bc08 | 0000 498b | 87b0 0100 
  0x000001ca5c67a8d4: 0048 8d78 | 3049 3bbf | c001 0000 | 0f87 a408 | 0000 4989 | bfb0 0100 | 0048 c700 | 0100 0000 
  0x000001ca5c67a8f4: 488b ca41 | ba00 0000 | 3c49 2bca | 8948 0848 | 33c9 8948 | 0c48 33c9 | 4889 4810 | 4889 4818 
  0x000001ca5c67a914: 4889 4820 | 4889 4828 | 4c8b 8424 | 0001 0000 | 488b fb48 | 8bd0 4889 | 8424 f801 | 0000 0f1f 
  0x000001ca5c67a934: ;   {optimized virtual_call}
  0x000001ca5c67a934: 4400 00e8 

  0x000001ca5c67a938: ; ImmutableOopMap {[208]=Oop [256]=Oop [272]=Oop [504]=Oop }
                      ;*invokespecial <init> {reexecute=0 rethrow=0 return_oop=0}
                      ; - org.springframework.beans.factory.support.AbstractBeanFactory::doGetBean@681 (line 381)
  0x000001ca5c67a938: a447 c1ff 

  0x000001ca5c67a93c: ;   {post_call_nop}
  0x000001ca5c67a93c: 0f1f 8400 | 3419 0049 | 488b 8424 

  0x000001ca5c67a948: ; ImmutableOopMap {rax=Oop [208]=Oop [256]=Oop [272]=Oop }
                      ;*athrow {reexecute=1 rethrow=0 return_oop=0}
                      ; - (reexecute) org.springframework.beans.factory.support.AbstractBeanFactory::doGetBean@684 (line 381)
  0x000001ca5c67a948: f801 0000 

  0x000001ca5c67a94c: ;   {section_word}
  0x000001ca5c67a94c: 48ba 4ca9 | 675c ca01 

  0x000001ca5c67a954: ;   {runtime_call C1 Runtime handle_exception_nofpu_blob}
  0x000001ca5c67a954: 0000 e805 | 3acc ff90 | 498b 8768 | 0500 004d | 33d2 4d89 | 9768 0500 | 004d 33d2 | 4d89 9770 
  0x000001ca5c67a974: 0500 004c | 8b84 2400 | 0100 0048 | 8b94 24d0 | 0000 0048 | 8984 2400 

  0x000001ca5c67a98c: ;   {optimized virtual_call}
  0x000001ca5c67a98c: 0200 00e8 

  0x000001ca5c67a990: ; ImmutableOopMap {[208]=Oop [256]=Oop [272]=Oop [512]=Oop }
                      ;*invokevirtual afterPrototypeCreation {reexecute=0 rethrow=0 return_oop=0}
                      ; - org.springframework.beans.factory.support.AbstractBeanFactory::doGetBean@541 (line 354)
  0x000001ca5c67a990: 4c47 c1ff 

  0x000001ca5c67a994: ;   {post_call_nop}
  0x000001ca5c67a994: 0f1f 8400 | 8c19 004b | 488b 8424 

  0x000001ca5c67a9a0: ; ImmutableOopMap {rax=Oop [208]=Oop [256]=Oop [272]=Oop }
                      ;*athrow {reexecute=1 rethrow=0 return_oop=0}
                      ; - (reexecute) org.springframework.beans.factory.support.AbstractBeanFactory::doGetBean@546 (line 355)
  0x000001ca5c67a9a0: 0002 0000 

  0x000001ca5c67a9a4: ;   {section_word}
  0x000001ca5c67a9a4: 48ba a4a9 | 675c ca01 

  0x000001ca5c67a9ac: ;   {runtime_call C1 Runtime handle_exception_nofpu_blob}
  0x000001ca5c67a9ac: 0000 e8ad | 39cc ff90 | 448b 9c24 | 2801 0000 | 488b 9c24 | 3001 0000 | 4c8b 8424 | 1801 0000 
  0x000001ca5c67a9cc: 488b bc24 | d800 0000 | 4c8b 8c24 | e800 0000 | 498b 8768 | 0500 004d | 33d2 4d89 | 9768 0500 
  0x000001ca5c67a9ec: 004d 33d2 | 4d89 9770 | 0500 0048 | 8bd0 488d | 8424 2002 | 0000 488b | 7008 458b | b7c8 0600 
  0x000001ca5c67aa0c: 004b 3b74 | 37f8 0f85 | 7f07 0000 | 4183 afc8 | 0600 0008 | 4b3b 7437 | f00f 842a | 0000 0048 
  0x000001ca5c67aa2c: 8b06 a802 | 0f85 1200 | 0000 4c8b | f049 83ce | 01f0 4c0f | b136 0f84 | 0d00 0000 | 4183 87c8 
  0x000001ca5c67aa4c: 0600 0008 | e942 0700 

  0x000001ca5c67aa54: ; ImmutableOopMap {r13=Oop rdi=Oop r8=Oop r9=Oop rbx=Oop rax=Oop [208]=Oop [216]=Oop [232]=Oop [240]=Oop [256]=Oop [272]=Oop [280]=Oop [304]=Oop }
                      ;*athrow {reexecute=1 rethrow=0 return_oop=0}
                      ; - (reexecute) org.springframework.beans.factory.support.DefaultSingletonBeanRegistry::isDependent@23 (line 627)
                      ; - org.springframework.beans.factory.support.AbstractBeanFactory::doGetBean@326 (line 303)
  0x000001ca5c67aa54: 0048 8bc2 

  0x000001ca5c67aa58: ;   {section_word}
  0x000001ca5c67aa58: 48ba 58aa | 675c ca01 

  0x000001ca5c67aa60: ;   {runtime_call C1 Runtime handle_exception_nofpu_blob}
  0x000001ca5c67aa60: 0000 e8f9 | 38cc ff90 | 498b 8768 | 0500 004d | 33d2 4d89 | 9768 0500 | 004d 33d2 | 4d89 9770 
  0x000001ca5c67aa80: 0500 008b | 5008 41ba | 0000 003c | 4903 d248 | 8b52 7048 | 8b12 483b | 0248 8984 | 2408 0200 
  0x000001ca5c67aaa0: 0066 0f1f 

  0x000001ca5c67aaa4: ;   {optimized virtual_call}
  0x000001ca5c67aaa4: 4400 00e8 

  0x000001ca5c67aaa8: ; ImmutableOopMap {[208]=Oop [256]=Oop [272]=Oop [520]=Oop }
                      ;*invokevirtual toString {reexecute=0 rethrow=0 return_oop=0}
                      ; - org.springframework.beans.factory.support.AbstractBeanFactory::doGetBean@720 (line 386)
  0x000001ca5c67aaa8: c50b 0000 

  0x000001ca5c67aaac: ;   {post_call_nop}
  0x000001ca5c67aaac: 0f1f 8400 | a41a 004e | 488b 8424 | 1001 0000 | 4885 c00f | 8425 0000 

  0x000001ca5c67aac4: ;   {metadata('org/springframework/core/metrics/DefaultApplicationStartup$DefaultStartupStep')}
  0x000001ca5c67aac4: 0048 bbd0 | 5207 3d00 | 0000 008b | 7808 41ba | 0000 003c | 4903 fa48 | 3b5f 380f | 85cd 0600 
  0x000001ca5c67aae4: 00e9 0000 | 0000 488b | d048 8b94 | 2408 0200 | 0048 b888 | d279 68ca 

  0x000001ca5c67aafc: ;   {virtual_call}
  0x000001ca5c67aafc: 0100 00e8 

  0x000001ca5c67ab00: ; ImmutableOopMap {[208]=Oop [256]=Oop [272]=Oop [520]=Oop }
                      ;*invokevirtual getMessage {reexecute=0 rethrow=0 return_oop=0}
                      ; - org.springframework.beans.factory.support.AbstractBeanFactory::doGetBean@736 (line 387)
  0x000001ca5c67ab00: 0d5c c1ff 

  0x000001ca5c67ab04: ;   {post_call_nop}
  0x000001ca5c67ab04: 0f1f 8400 | fc1a 004f | 4885 c00f | 850f 0000 

  0x000001ca5c67ab14: ;   {oop("null"{0x00000000ffe3b658})}
  0x000001ca5c67ab14: 0048 b858 | b6e3 ff00 | 0000 00e9 | 0300 0000 

  0x000001ca5c67ab24: ; implicit exception: dispatches to 0x000001ca5c67b1b7
  0x000001ca5c67ab24: 483b 0048 | 8b84 2410 | 0100 0048 | 8b94 24d0 | 0000 0048 | 85c0 0f84 | 2500 0000 

  0x000001ca5c67ab40: ;   {metadata('org/springframework/core/metrics/DefaultApplicationStartup$DefaultStartupStep')}
  0x000001ca5c67ab40: 48bb d052 | 073d 0000 | 0000 8b78 | 0841 ba00 | 0000 3c49 | 03fa 483b | 5f38 0f85 | 5c06 0000 
  0x000001ca5c67ab60: e900 0000 | 004c 8bc0 | 8bb2 a000 | 0000 4c8d | 8424 2002 | 0000 4989 | 7008 488b | 0641 8b9f 
  0x000001ca5c67ab80: c806 0000 | 81fb 1807 | 0000 0f8d | 3606 0000 | 493b 741f | f80f 8425 | 0000 00a8 | 020f 8523 
  0x000001ca5c67aba0: 0600 0048 | 8bd8 4883 | e3fe 4883 | c801 f048 | 0fb1 1e0f | 850d 0600 | 0041 8b9f | c806 0000 
  0x000001ca5c67abc0: 4989 341f | 83c3 0841 | 899f c806 | 0000 8b9a | a400 0000 | 4c8b 8424 | 0001 0000 | 488b d348 
  0x000001ca5c67abe0: 89b4 2410 | 0200 0066 | 0f1f 4400 | 0048 b8b0 | d279 68ca 

  0x000001ca5c67abf4: ;   {virtual_call}
  0x000001ca5c67abf4: 0100 00e8 

  0x000001ca5c67abf8: ; ImmutableOopMap {[208]=Oop [256]=Oop [272]=Oop [520]=Oop [528]=Oop [552]=Oop }
                      ;*invokeinterface remove {reexecute=0 rethrow=0 return_oop=0}
                      ; - org.springframework.beans.factory.support.AbstractBeanFactory::cleanupAfterBeanCreationFailure@12 (line 1791)
                      ; - org.springframework.beans.factory.support.AbstractBeanFactory::doGetBean@751 (line 388)
  0x000001ca5c67abf8: 19b3 c1ff 

  0x000001ca5c67abfc: ;   {post_call_nop}
  0x000001ca5c67abfc: 0f1f 8400 | f41b 0050 | 488d 8424 | 2002 0000 | 4c8b 4008 | 418b 97c8 | 0600 004d | 3b44 17f8 
  0x000001ca5c67ac1c: 0f85 b705 | 0000 4183 | afc8 0600 | 0008 4d3b | 4417 f00f | 842a 0000 | 0049 8b00 | a802 0f85 
  0x000001ca5c67ac3c: 1200 0000 | 488b d048 | 83ca 01f0 | 490f b110 | 0f84 0d00 | 0000 4183 | 87c8 0600 | 0008 e97a 
  0x000001ca5c67ac5c: 0500 0048 | 8b84 2408 

  0x000001ca5c67ac64: ; ImmutableOopMap {rax=Oop [208]=Oop [256]=Oop [272]=Oop [520]=Oop }
                      ;*athrow {reexecute=1 rethrow=0 return_oop=0}
                      ; - (reexecute) org.springframework.beans.factory.support.AbstractBeanFactory::doGetBean@756 (line 389)
                      ;   {section_word}
  0x000001ca5c67ac64: 0200 0048 | ba67 ac67 | 5cca 0100 

  0x000001ca5c67ac70: ;   {runtime_call C1 Runtime handle_exception_nofpu_blob}
  0x000001ca5c67ac70: 00e8 ea36 | ccff 9049 | 8b87 6805 | 0000 4d33 | d24d 8997 | 6805 0000 | 4d33 d24d | 8997 7005 
  0x000001ca5c67ac90: 0000 488b | d048 8d84 | 2420 0200 | 0048 8b78 | 0841 8bb7 | c806 0000 | 493b 7c37 | f80f 853c 
  0x000001ca5c67acb0: 0500 0041 | 83af c806 | 0000 0849 | 3b7c 37f0 | 0f84 2a00 | 0000 488b | 07a8 020f | 8512 0000 
  0x000001ca5c67acd0: 0048 8bf0 | 4883 ce01 | f048 0fb1 | 370f 840d | 0000 0041 | 8387 c806 | 0000 08e9 | ff04 0000 
  0x000001ca5c67acf0: ; ImmutableOopMap {r8=Oop rax=Oop [208]=Oop [256]=Oop [272]=Oop }
                      ;*athrow {reexecute=1 rethrow=0 return_oop=0}
                      ; - (reexecute) org.springframework.beans.factory.support.AbstractBeanFactory::cleanupAfterBeanCreationFailure@27 (line 1792)
                      ; - org.springframework.beans.factory.support.AbstractBeanFactory::doGetBean@751 (line 388)
                      ;   {section_word}
  0x000001ca5c67acf0: 488b c248 | baf3 ac67 | 5cca 0100 

  0x000001ca5c67acfc: ;   {runtime_call C1 Runtime handle_exception_nofpu_blob}
  0x000001ca5c67acfc: 00e8 5e36 | ccff 904c | 8b84 2410 | 0100 0048 | 8b94 24d0 | 0000 0049 | 8b87 6805 | 0000 4d33 
  0x000001ca5c67ad1c: d24d 8997 | 6805 0000 | 4d33 d24d | 8997 7005 | 0000 4d85 | c00f 8426 

  0x000001ca5c67ad34: ;   {metadata('org/springframework/core/metrics/DefaultApplicationStartup$DefaultStartupStep')}
  0x000001ca5c67ad34: 0000 0048 | bbd0 5207 | 3d00 0000 | 0041 8b78 | 0841 ba00 | 0000 3c49 | 03fa 483b | 5f38 0f85 
  0x000001ca5c67ad54: ad04 0000 | e900 0000 | 0044 0fbe | 4261 4183 | e001 4585 | c00f 85bd | 0000 0048 | 8984 2418 
  0x000001ca5c67ad74: 0200 008b | b2a0 0000 | 004c 8b84 | 2400 0100 | 0048 8bd6 | 0f1f 4400 | 0048 b8d8 | d279 68ca 
  0x000001ca5c67ad94: ;   {virtual_call}
  0x000001ca5c67ad94: 0100 00e8 

  0x000001ca5c67ad98: ; ImmutableOopMap {[208]=Oop [256]=Oop [536]=Oop }
                      ;*invokeinterface get {reexecute=0 rethrow=0 return_oop=0}
                      ; - org.springframework.beans.factory.support.AbstractBeanFactory::clearMergedBeanDefinition@5 (line 1524)
                      ; - org.springframework.beans.factory.support.DefaultListableBeanFactory::clearMergedBeanDefinition@2 (line 986)
                      ; - org.springframework.beans.factory.support.AbstractBeanFactory::doGetBean@776 (line 394)
  0x000001ca5c67ad98: 4446 c1ff 

  0x000001ca5c67ad9c: ;   {post_call_nop}
  0x000001ca5c67ad9c: 0f1f 8400 | 941d 0053 | 4885 c00f | 8425 0000 

  0x000001ca5c67adac: ;   {metadata('org/springframework/beans/factory/support/RootBeanDefinition')}
  0x000001ca5c67adac: 0048 bf60 | 4217 3d00 | 0000 008b | 7008 41ba | 0000 003c | 4903 f248 | 3b7e 500f | 853d 0400 
  0x000001ca5c67adcc: 00e9 0000 | 0000 4c8b | c04d 85c0 | 0f84 0f00 | 0000 ba01 | 0000 0041 | 8850 67f0 | 8344 24c0 
  0x000001ca5c67adec: 0048 8b84 | 2400 0100 | 0048 8b94 | 24d0 0000 | 008b 92ec | 0000 004c | 8bc0 0f1f | 8000 0000 
  0x000001ca5c67ae0c: 0048 b800 | d379 68ca 

  0x000001ca5c67ae14: ;   {virtual_call}
  0x000001ca5c67ae14: 0100 00e8 

  0x000001ca5c67ae18: ; ImmutableOopMap {[536]=Oop }
                      ;*invokeinterface remove {reexecute=0 rethrow=0 return_oop=0}
                      ; - org.springframework.beans.factory.support.DefaultListableBeanFactory::clearMergedBeanDefinition@10 (line 987)
                      ; - org.springframework.beans.factory.support.AbstractBeanFactory::doGetBean@776 (line 394)
  0x000001ca5c67ae18: c445 c1ff 

  0x000001ca5c67ae1c: ;   {post_call_nop}
  0x000001ca5c67ae1c: 0f1f 8400 | 141e 0054 | 488b 8424 | 1802 0000 | e97d 0400 | 0048 8904 

  0x000001ca5c67ae34: ;   {runtime_call C1 Runtime throw_class_cast_exception_blob}
  0x000001ca5c67ae34: 24e8 2641 

  0x000001ca5c67ae38: ; ImmutableOopMap {[208]=Oop [216]=Oop [232]=Oop [240]=Oop [248]=Oop }
                      ;*checkcast {reexecute=0 rethrow=0 return_oop=0}
                      ; - org.springframework.core.SimpleAliasRegistry::canonicalName@12 (line 229)
                      ; - org.springframework.beans.factory.support.AbstractBeanFactory::transformedBeanName@5 (line 1272)
                      ; - org.springframework.beans.factory.support.AbstractBeanFactory::doGetBean@2 (line 240)
                      ;   {runtime_call C1 Runtime throw_incompatible_class_change_error_blob}
  0x000001ca5c67ae38: ccff e821 

  0x000001ca5c67ae3c: ; ImmutableOopMap {rax=Oop [208]=Oop [216]=Oop [232]=Oop [240]=Oop [256]=Oop [272]=Oop }
                      ;*invokeinterface tag {reexecute=0 rethrow=0 return_oop=0}
                      ; - org.springframework.beans.factory.support.AbstractBeanFactory::doGetBean@234 (line 291)
                      ;   {runtime_call C1 Runtime throw_null_pointer_exception_blob}
  0x000001ca5c67ae3c: 44cc ffe8 

  0x000001ca5c67ae40: ; ImmutableOopMap {rax=Oop [208]=Oop [216]=Oop [232]=Oop [240]=Oop [256]=Oop [272]=Oop }
                      ;*invokeinterface tag {reexecute=0 rethrow=0 return_oop=0}
                      ; - org.springframework.beans.factory.support.AbstractBeanFactory::doGetBean@234 (line 291)
  0x000001ca5c67ae40: 1c1d ccff 

  0x000001ca5c67ae44: ; implicit exception: dispatches to 0x000001ca5c67b218
  0x000001ca5c67ae44: 448b 400c | 4d85 c00f | 8481 e5ff | ff4c 8904 

  0x000001ca5c67ae54: ;   {runtime_call g1_pre_barrier_slow}
  0x000001ca5c67ae54: 24e8 0677 | ccff e973 

  0x000001ca5c67ae5c: ;   {runtime_call C1 Runtime throw_null_pointer_exception_blob}
  0x000001ca5c67ae5c: e5ff ffe8 

  0x000001ca5c67ae60: ; ImmutableOopMap {rax=Oop r9=Oop [208]=Oop [216]=Oop [232]=Oop [240]=Oop [256]=Oop [272]=Oop }
                      ;*invokestatic linkToSpecial {reexecute=0 rethrow=0 return_oop=0}
                      ; - java.lang.invoke.DirectMethodHandle$Holder::newInvokeSpecial@16
                      ; - java.lang.invoke.Invokers$Holder::linkToTargetMethod@5
                      ; - org.springframework.beans.factory.support.AbstractBeanFactory::doGetBean@255 (line 294)
  0x000001ca5c67ae60: fc1c ccff 

  0x000001ca5c67ae64: ;   {runtime_call C1 Runtime throw_incompatible_class_change_error_blob}
  0x000001ca5c67ae64: e8f7 43cc 

  0x000001ca5c67ae68: ; ImmutableOopMap {r9=Oop rax=Oop [208]=Oop [216]=Oop [232]=Oop [240]=Oop [256]=Oop [272]=Oop }
                      ;*invokeinterface tag {reexecute=0 rethrow=0 return_oop=0}
                      ; - org.springframework.beans.factory.support.AbstractBeanFactory::doGetBean@260 (line 294)
                      ;   {runtime_call C1 Runtime throw_null_pointer_exception_blob}
  0x000001ca5c67ae68: ffe8 f21c 

  0x000001ca5c67ae6c: ; ImmutableOopMap {rax=Oop [208]=Oop [216]=Oop [232]=Oop [240]=Oop [256]=Oop [272]=Oop [280]=Oop }
                      ;*invokevirtual getDependsOn {reexecute=0 rethrow=0 return_oop=0}
                      ; - org.springframework.beans.factory.support.AbstractBeanFactory::doGetBean@285 (line 300)
                      ;   {runtime_call C1 Runtime throw_null_pointer_exception_blob}
  0x000001ca5c67ae6c: ccff e8ed 

  0x000001ca5c67ae70: ; ImmutableOopMap {rax=Oop rsi=Oop [208]=Oop [216]=Oop [232]=Oop [240]=Oop [256]=Oop [272]=Oop [280]=Oop [304]=Oop }
                      ;*arraylength {reexecute=0 rethrow=0 return_oop=0}
                      ; - org.springframework.beans.factory.support.AbstractBeanFactory::doGetBean@301 (line 302)
                      ;   {runtime_call C1 Runtime throw_null_pointer_exception_blob}
  0x000001ca5c67ae70: 1ccc ffe8 

  0x000001ca5c67ae74: ; ImmutableOopMap {rsi=Oop rdx=Oop r13=Oop r14=Oop rdi=Oop [208]=Oop [216]=Oop [232]=Oop [240]=Oop [272]=Oop [280]=Oop [304]=Oop }
                      ;*monitorenter {reexecute=0 rethrow=0 return_oop=0}
                      ; - org.springframework.beans.factory.support.DefaultSingletonBeanRegistry::isDependent@6 (line 625)
                      ; - org.springframework.beans.factory.support.AbstractBeanFactory::doGetBean@326 (line 303)
  0x000001ca5c67ae74: e81c ccff | 4c89 7424 | 084c 8904 

  0x000001ca5c67ae80: ;   {runtime_call C1 Runtime monitorenter_nofpu_blob}
  0x000001ca5c67ae80: 24e8 da4f 

  0x000001ca5c67ae84: ; ImmutableOopMap {rsi=Oop rdx=Oop r13=Oop r14=Oop rdi=Oop [208]=Oop [216]=Oop [232]=Oop [240]=Oop [272]=Oop [280]=Oop [304]=Oop [552]=Oop }
                      ;*monitorenter {reexecute=0 rethrow=0 return_oop=0}
                      ; - org.springframework.beans.factory.support.DefaultSingletonBeanRegistry::isDependent@6 (line 625)
                      ; - org.springframework.beans.factory.support.AbstractBeanFactory::doGetBean@326 (line 303)
  0x000001ca5c67ae84: ccff e9a6 | e6ff ff48 | 8d84 2420 | 0200 0048 

  0x000001ca5c67ae94: ;   {runtime_call C1 Runtime monitorexit_nofpu_blob}
  0x000001ca5c67ae94: 8904 24e8 | c455 ccff | e939 e7ff | ff44 8b40 | 0c4d 85c0 | 0f84 8ce8 | ffff 4c89 

  0x000001ca5c67aeb0: ;   {runtime_call g1_pre_barrier_slow}
  0x000001ca5c67aeb0: 0424 e8a9 | 76cc ffe9 | 7ee8 ffff 

  0x000001ca5c67aebc: ;   {runtime_call C1 Runtime throw_null_pointer_exception_blob}
  0x000001ca5c67aebc: e89f 1ccc 

  0x000001ca5c67aec0: ; ImmutableOopMap {rax=Oop rdx=Oop [208]=Oop [216]=Oop [232]=Oop [240]=Oop [256]=Oop [272]=Oop [280]=Oop }
                      ;*invokestatic linkToSpecial {reexecute=0 rethrow=0 return_oop=0}
                      ; - java.lang.invoke.LambdaForm$DMH/0x000000003d0a4000::newInvokeSpecial@24
                      ; - java.lang.invoke.Invokers$Holder::linkToTargetMethod@9
                      ; - org.springframework.beans.factory.support.AbstractBeanFactory::doGetBean@472 (line 331)
  0x000001ca5c67aec0: ff44 8b40 | 104d 85c0 | 0f84 afe8 | ffff 4c89 

  0x000001ca5c67aed0: ;   {runtime_call g1_pre_barrier_slow}
  0x000001ca5c67aed0: 0424 e889 | 76cc ffe9 | a1e8 ffff | 448b 4014 | 4d85 c00f | 84d7 e8ff | ff4c 8904 

  0x000001ca5c67aeec: ;   {runtime_call g1_pre_barrier_slow}
  0x000001ca5c67aeec: 24e8 6e76 | ccff e9c9 | e8ff ff44 | 8b40 184d | 85c0 0f84 | ffe8 ffff | 4c89 0424 

  0x000001ca5c67af08: ;   {runtime_call g1_pre_barrier_slow}
  0x000001ca5c67af08: e853 76cc | ffe9 f1e8 

  0x000001ca5c67af10: ;   {runtime_call C1 Runtime throw_null_pointer_exception_blob}
  0x000001ca5c67af10: ffff e849 

  0x000001ca5c67af14: ; ImmutableOopMap {rax=Oop rsi=Oop [208]=Oop [216]=Oop [232]=Oop [240]=Oop [256]=Oop [272]=Oop [280]=Oop }
                      ;*invokevirtual isEmpty {reexecute=0 rethrow=0 return_oop=0}
                      ; - org.springframework.util.StringUtils::hasLength@5 (line 149)
                      ; - org.springframework.beans.factory.support.AbstractBeanFactory::doGetBean@573 (line 361)
                      ;   {runtime_call C1 Runtime throw_null_pointer_exception_blob}
  0x000001ca5c67af14: 1ccc ffe8 

  0x000001ca5c67af18: ; ImmutableOopMap {rax=Oop rsi=Oop [208]=Oop [216]=Oop [232]=Oop [240]=Oop [256]=Oop [272]=Oop [280]=Oop }
                      ;*arraylength {reexecute=0 rethrow=0 return_oop=0}
                      ; - java.lang.String::isEmpty@4 (line 1762)
                      ; - org.springframework.util.StringUtils::hasLength@5 (line 149)
                      ; - org.springframework.beans.factory.support.AbstractBeanFactory::doGetBean@573 (line 361)
  0x000001ca5c67af18: 441c ccff | 4889 0424 

  0x000001ca5c67af20: ;   {runtime_call C1 Runtime throw_class_cast_exception_blob}
  0x000001ca5c67af20: e83b 40cc 

  0x000001ca5c67af24: ; ImmutableOopMap {[208]=Oop [216]=Oop [232]=Oop [240]=Oop [256]=Oop [272]=Oop [280]=Oop [328]=Oop }
                      ;*checkcast {reexecute=0 rethrow=0 return_oop=0}
                      ; - org.springframework.beans.factory.support.AbstractBeanFactory::doGetBean@605 (line 364)
  0x000001ca5c67af24: ff48 be00 | 0000 0000 | 0000 00b8 | 000f 050a 

  0x000001ca5c67af34: ;   {runtime_call C1 Runtime load_appendix_patching_blob}
  0x000001ca5c67af34: e8a7 68cc 

  0x000001ca5c67af38: ; ImmutableOopMap {[208]=Oop [216]=Oop [232]=Oop [240]=Oop [256]=Oop [272]=Oop [280]=Oop [328]=Oop [336]=Oop }
                      ;*invokedynamic {reexecute=1 rethrow=0 return_oop=0}
                      ; - (reexecute) org.springframework.beans.factory.support.AbstractBeanFactory::doGetBean@640 (line 369)
  0x000001ca5c67af38: ffe9 3aeb 

  0x000001ca5c67af3c: ;   {runtime_call C1 Runtime throw_incompatible_class_change_error_blob}
  0x000001ca5c67af3c: ffff e81d 

  0x000001ca5c67af40: ; ImmutableOopMap {rax=Oop rdx=Oop [208]=Oop [232]=Oop [240]=Oop [256]=Oop }
                      ;*invokeinterface end {reexecute=0 rethrow=0 return_oop=0}
                      ; - org.springframework.beans.factory.support.AbstractBeanFactory::doGetBean@687 (line 392)
  0x000001ca5c67af40: 43cc ff48 

  0x000001ca5c67af44: ;   {runtime_call C1 Runtime throw_class_cast_exception_blob}
  0x000001ca5c67af44: 8904 24e8 

  0x000001ca5c67af48: ; ImmutableOopMap {[208]=Oop [232]=Oop [240]=Oop [256]=Oop [344]=Oop }
                      ;*checkcast {reexecute=0 rethrow=0 return_oop=0}
                      ; - org.springframework.beans.factory.support.AbstractBeanFactory::clearMergedBeanDefinition@10 (line 1524)
                      ; - org.springframework.beans.factory.support.DefaultListableBeanFactory::clearMergedBeanDefinition@2 (line 986)
                      ; - org.springframework.beans.factory.support.AbstractBeanFactory::doGetBean@702 (line 394)
  0x000001ca5c67af48: 1440 ccff 

  0x000001ca5c67af4c: ;   {runtime_call C1 Runtime throw_null_pointer_exception_blob}
  0x000001ca5c67af4c: e80f 1ccc 

  0x000001ca5c67af50: ; ImmutableOopMap {[208]=Oop [232]=Oop [240]=Oop [256]=Oop [344]=Oop }
                      ;*putfield stale {reexecute=1 rethrow=0 return_oop=0}
                      ; - (reexecute) org.springframework.beans.factory.support.AbstractBeanFactory::clearMergedBeanDefinition@20 (line 1526)
                      ; - org.springframework.beans.factory.support.DefaultListableBeanFactory::clearMergedBeanDefinition@2 (line 986)
                      ; - org.springframework.beans.factory.support.AbstractBeanFactory::doGetBean@702 (line 394)
                      ;   {runtime_call C1 Runtime throw_null_pointer_exception_blob}
  0x000001ca5c67af50: ffe8 0a1c 

  0x000001ca5c67af54: ; ImmutableOopMap {r8=Oop rbx=Oop [208]=Oop [256]=Oop [272]=Oop [280]=Oop [288]=Oop }
                      ;*new {reexecute=0 rethrow=0 return_oop=0}
                      ; - org.springframework.beans.factory.support.AbstractBeanFactory::doGetBean@332 (line 304)
  0x000001ca5c67af54: ccff 488b 

  0x000001ca5c67af58: ;   {runtime_call C1 Runtime fast_new_instance_init_check_blob}
  0x000001ca5c67af58: d2e8 0228 

  0x000001ca5c67af5c: ; ImmutableOopMap {r8=Oop rbx=Oop [208]=Oop [256]=Oop [272]=Oop [280]=Oop [288]=Oop }
                      ;*new {reexecute=0 rethrow=0 return_oop=0}
                      ; - org.springframework.beans.factory.support.AbstractBeanFactory::doGetBean@332 (line 304)
  0x000001ca5c67af5c: ccff e904 

  0x000001ca5c67af60: ;   {runtime_call C1 Runtime throw_null_pointer_exception_blob}
  0x000001ca5c67af60: edff ffe8 

  0x000001ca5c67af64: ; ImmutableOopMap {rax=Oop r8=Oop [216]=Oop [232]=Oop [240]=Oop [264]=Oop }
                      ;*invokevirtual isEmpty {reexecute=0 rethrow=0 return_oop=0}
                      ; - org.springframework.beans.factory.support.AbstractBeanFactory::originalBeanName@7 (line 1282)
                      ; - org.springframework.beans.factory.support.AbstractBeanFactory::doGetBean@137 (line 269)
  0x000001ca5c67af64: f81b ccff 

  0x000001ca5c67af68: ;   {runtime_call C1 Runtime throw_null_pointer_exception_blob}
  0x000001ca5c67af68: e8f3 1bcc 

  0x000001ca5c67af6c: ; ImmutableOopMap {rax=Oop r8=Oop rdx=Oop [216]=Oop [232]=Oop [240]=Oop [264]=Oop }
                      ;*arraylength {reexecute=0 rethrow=0 return_oop=0}
                      ; - java.lang.String::isEmpty@4 (line 1762)
                      ; - org.springframework.beans.factory.support.AbstractBeanFactory::originalBeanName@7 (line 1282)
                      ; - org.springframework.beans.factory.support.AbstractBeanFactory::doGetBean@137 (line 269)
  0x000001ca5c67af6c: ff48 c704 | 24e4 ffff 

  0x000001ca5c67af74: ;   {runtime_call C1 Runtime deoptimize_blob}
  0x000001ca5c67af74: ffe8 e657 

  0x000001ca5c67af78: ; ImmutableOopMap {rax=Oop rdx=Oop [216]=Oop [232]=Oop [264]=Oop }
                      ;*invokestatic checkIndex {reexecute=0 rethrow=0 return_oop=0}
                      ; - java.lang.String::checkIndex@5 (line 5191)
                      ; - java.lang.StringLatin1::charAt@3 (line 47)
                      ; - java.lang.String::charAt@12 (line 1785)
                      ; - org.springframework.beans.factory.support.AbstractBeanFactory::originalBeanName@15 (line 1282)
                      ; - org.springframework.beans.factory.support.AbstractBeanFactory::doGetBean@137 (line 269)
  0x000001ca5c67af78: ccff 48c7 | 0424 e4ff 

  0x000001ca5c67af80: ;   {runtime_call C1 Runtime deoptimize_blob}
  0x000001ca5c67af80: ffff e8d9 

  0x000001ca5c67af84: ; ImmutableOopMap {rax=Oop rdx=Oop [216]=Oop [232]=Oop [264]=Oop }
                      ;*invokestatic checkIndex {reexecute=0 rethrow=0 return_oop=0}
                      ; - java.lang.String::checkIndex@5 (line 5191)
                      ; - java.lang.StringLatin1::charAt@3 (line 47)
                      ; - java.lang.String::charAt@12 (line 1785)
                      ; - org.springframework.beans.factory.support.AbstractBeanFactory::originalBeanName@15 (line 1282)
                      ; - org.springframework.beans.factory.support.AbstractBeanFactory::doGetBean@137 (line 269)
  0x000001ca5c67af84: 57cc ff48 | c704 2400 | 0000 0048 | 8954 2408 

  0x000001ca5c67af94: ;   {runtime_call C1 Runtime throw_range_check_failed_blob}
  0x000001ca5c67af94: e8c7 12cc 

  0x000001ca5c67af98: ; ImmutableOopMap {rax=Oop rdx=Oop [216]=Oop [232]=Oop [264]=Oop }
                      ;*baload {reexecute=0 rethrow=0 return_oop=0}
                      ; - java.lang.StringLatin1::charAt@8 (line 48)
                      ; - java.lang.String::charAt@12 (line 1785)
                      ; - org.springframework.beans.factory.support.AbstractBeanFactory::originalBeanName@15 (line 1282)
                      ; - org.springframework.beans.factory.support.AbstractBeanFactory::doGetBean@137 (line 269)
  0x000001ca5c67af98: ff48 c704 | 24e4 ffff 

  0x000001ca5c67afa0: ;   {runtime_call C1 Runtime deoptimize_blob}
  0x000001ca5c67afa0: ffe8 ba57 

  0x000001ca5c67afa4: ; ImmutableOopMap {rax=Oop rdx=Oop [216]=Oop [232]=Oop [264]=Oop }
                      ;*invokestatic checkIndex {reexecute=0 rethrow=0 return_oop=0}
                      ; - java.lang.String::checkIndex@5 (line 5191)
                      ; - java.lang.StringUTF16::checkIndex@5 (line 1734)
                      ; - java.lang.StringUTF16::charAt@2 (line 1632)
                      ; - java.lang.String::charAt@21 (line 1787)
                      ; - org.springframework.beans.factory.support.AbstractBeanFactory::originalBeanName@15 (line 1282)
                      ; - org.springframework.beans.factory.support.AbstractBeanFactory::doGetBean@137 (line 269)
  0x000001ca5c67afa4: ccff 48c7 | 0424 e4ff 

  0x000001ca5c67afac: ;   {runtime_call C1 Runtime deoptimize_blob}
  0x000001ca5c67afac: ffff e8ad 

  0x000001ca5c67afb0: ; ImmutableOopMap {rax=Oop rdx=Oop [216]=Oop [232]=Oop [264]=Oop }
                      ;*invokestatic checkIndex {reexecute=0 rethrow=0 return_oop=0}
                      ; - java.lang.String::checkIndex@5 (line 5191)
                      ; - java.lang.StringUTF16::checkIndex@5 (line 1734)
                      ; - java.lang.StringUTF16::charAt@2 (line 1632)
                      ; - java.lang.String::charAt@21 (line 1787)
                      ; - org.springframework.beans.factory.support.AbstractBeanFactory::originalBeanName@15 (line 1282)
                      ; - org.springframework.beans.factory.support.AbstractBeanFactory::doGetBean@137 (line 269)
  0x000001ca5c67afb0: 57cc ff49 | b800 0000 | 0000 0000 | 00b8 000f 

  0x000001ca5c67afc0: ;   {runtime_call C1 Runtime load_appendix_patching_blob}
  0x000001ca5c67afc0: 050a e819 

  0x000001ca5c67afc4: ; ImmutableOopMap {rax=Oop [216]=Oop [232]=Oop [264]=Oop }
                      ;*invokedynamic {reexecute=1 rethrow=0 return_oop=0}
                      ; - (reexecute) org.springframework.beans.factory.support.AbstractBeanFactory::originalBeanName@24 (line 1283)
                      ; - org.springframework.beans.factory.support.AbstractBeanFactory::doGetBean@137 (line 269)
  0x000001ca5c67afc4: 68cc ffe9 | c4ed ffff | 49b8 0000 | 0000 0000 | 0000 b800 

  0x000001ca5c67afd8: ;   {runtime_call C1 Runtime load_appendix_patching_blob}
  0x000001ca5c67afd8: 0f05 0ae8 

  0x000001ca5c67afdc: ; ImmutableOopMap {rdx=Oop rsi=Oop [208]=Oop [232]=Oop [240]=Oop [256]=Oop [352]=Oop }
                      ;*invokedynamic {reexecute=1 rethrow=0 return_oop=0}
                      ; - (reexecute) org.springframework.beans.factory.support.AbstractBeanFactory::doGetBean@51 (line 248)
  0x000001ca5c67afdc: 0068 ccff | e9bb eeff | ff49 b800 | 0000 0000 | 0000 00b8 | 000f 050a 

  0x000001ca5c67aff4: ;   {runtime_call C1 Runtime load_appendix_patching_blob}
  0x000001ca5c67aff4: e8e7 67cc 

  0x000001ca5c67aff8: ; ImmutableOopMap {rdx=Oop rsi=Oop [208]=Oop [232]=Oop [240]=Oop [256]=Oop [352]=Oop }
                      ;*invokedynamic {reexecute=1 rethrow=0 return_oop=0}
                      ; - (reexecute) org.springframework.beans.factory.support.AbstractBeanFactory::doGetBean@70 (line 252)
  0x000001ca5c67aff8: ffe9 02ef 

  0x000001ca5c67affc: ;   {runtime_call C1 Runtime throw_null_pointer_exception_blob}
  0x000001ca5c67affc: ffff e85d 

  0x000001ca5c67b000: ; ImmutableOopMap {r9=Oop r8=Oop rbx=Oop [208]=Oop [232]=Oop [256]=Oop [272]=Oop [280]=Oop [376]=Oop }
                      ;*new {reexecute=0 rethrow=0 return_oop=0}
                      ; - org.springframework.beans.factory.support.AbstractBeanFactory::doGetBean@408 (line 319)
  0x000001ca5c67b000: 1bcc ff48 

  0x000001ca5c67b004: ;   {runtime_call C1 Runtime fast_new_instance_init_check_blob}
  0x000001ca5c67b004: 8bd2 e855 

  0x000001ca5c67b008: ; ImmutableOopMap {r9=Oop r8=Oop rbx=Oop [208]=Oop [232]=Oop [256]=Oop [272]=Oop [280]=Oop [376]=Oop }
                      ;*new {reexecute=0 rethrow=0 return_oop=0}
                      ; - org.springframework.beans.factory.support.AbstractBeanFactory::doGetBean@408 (line 319)
  0x000001ca5c67b008: 27cc ffe9 | f2ef ffff 

  0x000001ca5c67b010: ;   {runtime_call C1 Runtime throw_null_pointer_exception_blob}
  0x000001ca5c67b010: e84b 1bcc 

  0x000001ca5c67b014: ; ImmutableOopMap {rax=Oop r9=Oop [208]=Oop [232]=Oop [256]=Oop [272]=Oop [376]=Oop [384]=Oop [392]=Oop [400]=Oop }
                      ;*invokevirtual getSimpleName {reexecute=0 rethrow=0 return_oop=0}
                      ; - org.springframework.beans.factory.support.AbstractBeanFactory::doGetBean@425 (line 321)
                      ;   {runtime_call C1 Runtime throw_null_pointer_exception_blob}
  0x000001ca5c67b014: ffe8 461b 

  0x000001ca5c67b018: ; ImmutableOopMap {rax=Oop [208]=Oop [232]=Oop [256]=Oop [272]=Oop [376]=Oop [384]=Oop [392]=Oop [400]=Oop }
                      ;*getfield simpleName {reexecute=1 rethrow=0 return_oop=0}
                      ; - (reexecute) java.lang.Class::getSimpleName@6 (line 1671)
                      ; - org.springframework.beans.factory.support.AbstractBeanFactory::doGetBean@425 (line 321)
                      ;   {runtime_call C1 Runtime throw_null_pointer_exception_blob}
  0x000001ca5c67b018: ccff e841 

  0x000001ca5c67b01c: ; ImmutableOopMap {r8=Oop [208]=Oop [256]=Oop [272]=Oop [280]=Oop [288]=Oop [408]=Oop }
                      ;*new {reexecute=0 rethrow=0 return_oop=0}
                      ; - org.springframework.beans.factory.support.AbstractBeanFactory::doGetBean@376 (line 312)
  0x000001ca5c67b01c: 1bcc ff48 

  0x000001ca5c67b020: ;   {runtime_call C1 Runtime fast_new_instance_init_check_blob}
  0x000001ca5c67b020: 8bd2 e839 

  0x000001ca5c67b024: ; ImmutableOopMap {r8=Oop [208]=Oop [256]=Oop [272]=Oop [280]=Oop [288]=Oop [408]=Oop }
                      ;*new {reexecute=0 rethrow=0 return_oop=0}
                      ; - org.springframework.beans.factory.support.AbstractBeanFactory::doGetBean@376 (line 312)
  0x000001ca5c67b024: 27cc ffe9 | 09f1 ffff 

  0x000001ca5c67b02c: ;   {internal_word}
  0x000001ca5c67b02c: 49ba c4a1 | 675c ca01 | 0000 4d89 | 97b8 0400 

  0x000001ca5c67b03c: ;   {runtime_call SafepointBlob}
  0x000001ca5c67b03c: 00e9 1e62 

  0x000001ca5c67b040: ;   {internal_word}
  0x000001ca5c67b040: c1ff 49ba | f4a1 675c | ca01 0000 | 4d89 97b8 

  0x000001ca5c67b050: ;   {runtime_call SafepointBlob}
  0x000001ca5c67b050: 0400 00e9 | 0862 c1ff 

  0x000001ca5c67b058: ;   {internal_word}
  0x000001ca5c67b058: 49ba 2ca2 | 675c ca01 | 0000 4d89 | 97b8 0400 

  0x000001ca5c67b068: ;   {runtime_call SafepointBlob}
  0x000001ca5c67b068: 00e9 f261 | c1ff 4889 

  0x000001ca5c67b070: ;   {runtime_call C1 Runtime throw_class_cast_exception_blob}
  0x000001ca5c67b070: 3424 e8e9 

  0x000001ca5c67b074: ; ImmutableOopMap {rax=Oop rdi=Oop [216]=Oop [232]=Oop }
                      ;*checkcast {reexecute=0 rethrow=0 return_oop=0}
                      ; - org.springframework.beans.factory.support.AbstractBeanFactory::doGetBean@152 (line 270)
                      ;   {runtime_call C1 Runtime throw_null_pointer_exception_blob}
  0x000001ca5c67b074: 3ecc ffe8 

  0x000001ca5c67b078: ; ImmutableOopMap {rax=Oop rdi=Oop rdx=Oop [216]=Oop [232]=Oop }
                      ;*invokevirtual doGetBean {reexecute=0 rethrow=0 return_oop=0}
                      ; - org.springframework.beans.factory.support.AbstractBeanFactory::doGetBean@165 (line 271)
  0x000001ca5c67b078: e41a ccff 

  0x000001ca5c67b07c: ;   {internal_word}
  0x000001ca5c67b07c: 49ba 94a2 | 675c ca01 | 0000 4d89 | 97b8 0400 

  0x000001ca5c67b08c: ;   {runtime_call SafepointBlob}
  0x000001ca5c67b08c: 00e9 ce61 

  0x000001ca5c67b090: ;   {internal_word}
  0x000001ca5c67b090: c1ff 49ba | 0ca3 675c | ca01 0000 | 4d89 97b8 

  0x000001ca5c67b0a0: ;   {runtime_call SafepointBlob}
  0x000001ca5c67b0a0: 0400 00e9 | b861 c1ff | 49b9 0000 | 0000 0000 | 0000 b800 

  0x000001ca5c67b0b4: ;   {runtime_call C1 Runtime load_appendix_patching_blob}
  0x000001ca5c67b0b4: 0f05 0ae8 

  0x000001ca5c67b0b8: ; ImmutableOopMap {[208]=Oop [256]=Oop [272]=Oop [288]=Oop [408]=Oop [416]=Oop [424]=Oop }
                      ;*invokedynamic {reexecute=1 rethrow=0 return_oop=0}
                      ; - (reexecute) org.springframework.beans.factory.support.AbstractBeanFactory::doGetBean@391 (line 312)
  0x000001ca5c67b0b8: 2467 ccff | e98f f2ff | ff8b 7234 | 4885 f60f | 842c f3ff | ff48 8934 

  0x000001ca5c67b0d0: ;   {runtime_call g1_pre_barrier_slow}
  0x000001ca5c67b0d0: 24e8 8a74 | ccff e91e | f3ff ff48 | be00 0000 | 0000 0000 | 00b8 000f 

  0x000001ca5c67b0e8: ;   {runtime_call C1 Runtime load_appendix_patching_blob}
  0x000001ca5c67b0e8: 050a e8f1 

  0x000001ca5c67b0ec: ; ImmutableOopMap {rax=Oop [208]=Oop [256]=Oop [272]=Oop [376]=Oop [384]=Oop [392]=Oop [400]=Oop [440]=Oop }
                      ;*invokedynamic {reexecute=1 rethrow=0 return_oop=0}
                      ; - (reexecute) org.springframework.beans.factory.support.AbstractBeanFactory::doGetBean@435 (line 322)
  0x000001ca5c67b0ec: 66cc ffe9 | 64f3 ffff | 49b9 0000 | 0000 0000 | 0000 b800 

  0x000001ca5c67b100: ;   {runtime_call C1 Runtime load_appendix_patching_blob}
  0x000001ca5c67b100: 0f05 0ae8 

  0x000001ca5c67b104: ; ImmutableOopMap {[208]=Oop [256]=Oop [272]=Oop [288]=Oop [448]=Oop [456]=Oop }
                      ;*invokedynamic {reexecute=1 rethrow=0 return_oop=0}
                      ; - (reexecute) org.springframework.beans.factory.support.AbstractBeanFactory::doGetBean@347 (line 304)
  0x000001ca5c67b104: d866 ccff | e913 f4ff | ff48 8bd2 

  0x000001ca5c67b110: ;   {runtime_call C1 Runtime fast_new_instance_blob}
  0x000001ca5c67b110: e84b 23cc 

  0x000001ca5c67b114: ; ImmutableOopMap {[208]=Oop [256]=Oop [272]=Oop [328]=Oop }
                      ;*new {reexecute=0 rethrow=0 return_oop=0}
                      ; - org.springframework.beans.factory.support.AbstractBeanFactory::doGetBean@615 (line 366)
  0x000001ca5c67b114: ffe9 c6f4 | ffff 49b8 | 0000 0000 | 0000 0000 | b800 0f05 

  0x000001ca5c67b128: ;   {runtime_call C1 Runtime load_appendix_patching_blob}
  0x000001ca5c67b128: 0ae8 b266 

  0x000001ca5c67b12c: ; ImmutableOopMap {rax=Oop [208]=Oop [256]=Oop [272]=Oop [328]=Oop }
                      ;*invokedynamic {reexecute=1 rethrow=0 return_oop=0}
                      ; - (reexecute) org.springframework.beans.factory.support.AbstractBeanFactory::doGetBean@621 (line 366)
  0x000001ca5c67b12c: ccff e9ad | f4ff ff48 

  0x000001ca5c67b134: ;   {runtime_call C1 Runtime fast_new_instance_blob}
  0x000001ca5c67b134: 8bd2 e825 

  0x000001ca5c67b138: ; ImmutableOopMap {[208]=Oop [256]=Oop [272]=Oop }
                      ;*new {reexecute=0 rethrow=0 return_oop=0}
                      ; - org.springframework.beans.factory.support.AbstractBeanFactory::doGetBean@579 (line 362)
  0x000001ca5c67b138: 23cc ffe9 | 50f5 ffff | 49b8 0000 | 0000 0000 | 0000 b800 

  0x000001ca5c67b14c: ;   {runtime_call C1 Runtime load_appendix_patching_blob}
  0x000001ca5c67b14c: 0f05 0ae8 

  0x000001ca5c67b150: ; ImmutableOopMap {rax=Oop [208]=Oop [256]=Oop [272]=Oop }
                      ;*invokedynamic {reexecute=1 rethrow=0 return_oop=0}
                      ; - (reexecute) org.springframework.beans.factory.support.AbstractBeanFactory::doGetBean@585 (line 362)
  0x000001ca5c67b150: 8c66 ccff | e937 f5ff | ff48 8bd2 

  0x000001ca5c67b15c: ;   {runtime_call C1 Runtime fast_new_instance_blob}
  0x000001ca5c67b15c: e8ff 22cc 

  0x000001ca5c67b160: ; ImmutableOopMap {[208]=Oop [216]=Oop [232]=Oop [240]=Oop [256]=Oop [272]=Oop }
                      ;*new {reexecute=0 rethrow=0 return_oop=0}
                      ; - java.util.Objects::requireNonNull@4 (line 220)
                      ; - org.springframework.beans.factory.support.AbstractBeanFactory::doGetBean@251 (line 294)
  0x000001ca5c67b160: ffe9 def5 | ffff 488b 

  0x000001ca5c67b168: ;   {runtime_call C1 Runtime fast_new_instance_blob}
  0x000001ca5c67b168: d2e8 f222 

  0x000001ca5c67b16c: ; ImmutableOopMap {[208]=Oop [216]=Oop [232]=Oop [240]=Oop [256]=Oop [264]=Oop }
                      ;*new {reexecute=0 rethrow=0 return_oop=0}
                      ; - org.springframework.util.Assert::notNull@4 (line 182)
                      ; - org.springframework.beans.factory.support.DefaultListableBeanFactory::containsBeanDefinition@3 (line 413)
                      ; - org.springframework.beans.factory.support.AbstractBeanFactory::doGetBean@129 (line 267)
  0x000001ca5c67b16c: ccff e95d 

  0x000001ca5c67b170: ;   {runtime_call C1 Runtime throw_null_pointer_exception_blob}
  0x000001ca5c67b170: f6ff ffe8 

  0x000001ca5c67b174: ; ImmutableOopMap {[256]=Oop }
                      ;*new {reexecute=0 rethrow=0 return_oop=0}
                      ; - org.springframework.beans.factory.support.AbstractBeanFactory::doGetBean@105 (line 262)
  0x000001ca5c67b174: e819 ccff 

  0x000001ca5c67b178: ;   {runtime_call C1 Runtime fast_new_instance_init_check_blob}
  0x000001ca5c67b178: 488b d2e8 

  0x000001ca5c67b17c: ; ImmutableOopMap {[256]=Oop }
                      ;*new {reexecute=0 rethrow=0 return_oop=0}
                      ; - org.springframework.beans.factory.support.AbstractBeanFactory::doGetBean@105 (line 262)
  0x000001ca5c67b17c: e025 ccff | e9e1 f6ff 

  0x000001ca5c67b184: ;   {runtime_call C1 Runtime throw_null_pointer_exception_blob}
  0x000001ca5c67b184: ffe8 d619 

  0x000001ca5c67b188: ; ImmutableOopMap {r9=Oop rbx=Oop [208]=Oop [256]=Oop [272]=Oop }
                      ;*new {reexecute=0 rethrow=0 return_oop=0}
                      ; - org.springframework.beans.factory.support.AbstractBeanFactory::doGetBean@671 (line 381)
  0x000001ca5c67b188: ccff 488b 

  0x000001ca5c67b18c: ;   {runtime_call C1 Runtime fast_new_instance_init_check_blob}
  0x000001ca5c67b18c: d2e8 ce25 

  0x000001ca5c67b190: ; ImmutableOopMap {r9=Oop rbx=Oop [208]=Oop [256]=Oop [272]=Oop }
                      ;*new {reexecute=0 rethrow=0 return_oop=0}
                      ; - org.springframework.beans.factory.support.AbstractBeanFactory::doGetBean@671 (line 381)
  0x000001ca5c67b190: ccff e985 | f7ff ff48 | 8d84 2420 | 0200 0048 

  0x000001ca5c67b1a0: ;   {runtime_call C1 Runtime monitorexit_nofpu_blob}
  0x000001ca5c67b1a0: 8904 24e8 | b852 ccff | e9a8 f8ff 

  0x000001ca5c67b1ac: ;   {runtime_call C1 Runtime throw_null_pointer_exception_blob}
  0x000001ca5c67b1ac: ffe8 ae19 

  0x000001ca5c67b1b0: ; ImmutableOopMap {rax=Oop rdx=Oop [208]=Oop [256]=Oop [272]=Oop }
                      ;*invokevirtual toString {reexecute=0 rethrow=0 return_oop=0}
                      ; - org.springframework.beans.factory.support.AbstractBeanFactory::doGetBean@720 (line 386)
                      ;   {runtime_call C1 Runtime throw_incompatible_class_change_error_blob}
  0x000001ca5c67b1b0: ccff e8a9 

  0x000001ca5c67b1b4: ; ImmutableOopMap {rax=Oop [208]=Oop [256]=Oop [272]=Oop [520]=Oop }
                      ;*invokeinterface tag {reexecute=0 rethrow=0 return_oop=0}
                      ; - org.springframework.beans.factory.support.AbstractBeanFactory::doGetBean@723 (line 386)
                      ;   {runtime_call C1 Runtime throw_null_pointer_exception_blob}
  0x000001ca5c67b1b4: 40cc ffe8 

  0x000001ca5c67b1b8: ; ImmutableOopMap {rax=Oop [208]=Oop [256]=Oop [272]=Oop [520]=Oop }
                      ;*invokevirtual toString {reexecute=0 rethrow=0 return_oop=0}
                      ; - java.lang.String::valueOf@11 (line 4817)
                      ; - org.springframework.beans.factory.support.AbstractBeanFactory::doGetBean@739 (line 387)
  0x000001ca5c67b1b8: a419 ccff 

  0x000001ca5c67b1bc: ;   {runtime_call C1 Runtime throw_incompatible_class_change_error_blob}
  0x000001ca5c67b1bc: e89f 40cc 

  0x000001ca5c67b1c0: ; ImmutableOopMap {rdx=Oop rax=Oop [208]=Oop [256]=Oop [272]=Oop [520]=Oop }
                      ;*invokeinterface tag {reexecute=0 rethrow=0 return_oop=0}
                      ; - org.springframework.beans.factory.support.AbstractBeanFactory::doGetBean@742 (line 387)
                      ;   {runtime_call C1 Runtime throw_null_pointer_exception_blob}
  0x000001ca5c67b1c0: ffe8 9a19 

  0x000001ca5c67b1c4: ; ImmutableOopMap {rdx=Oop rsi=Oop [208]=Oop [256]=Oop [272]=Oop [520]=Oop }
                      ;*monitorenter {reexecute=0 rethrow=0 return_oop=0}
                      ; - org.springframework.beans.factory.support.AbstractBeanFactory::cleanupAfterBeanCreationFailure@6 (line 1790)
                      ; - org.springframework.beans.factory.support.AbstractBeanFactory::doGetBean@751 (line 388)
  0x000001ca5c67b1c4: ccff 4889 | 7424 084c 

  0x000001ca5c67b1cc: ;   {runtime_call C1 Runtime monitorenter_nofpu_blob}
  0x000001ca5c67b1cc: 8904 24e8 

  0x000001ca5c67b1d0: ; ImmutableOopMap {rdx=Oop rsi=Oop [208]=Oop [256]=Oop [272]=Oop [520]=Oop [552]=Oop }
                      ;*monitorenter {reexecute=0 rethrow=0 return_oop=0}
                      ; - org.springframework.beans.factory.support.AbstractBeanFactory::cleanupAfterBeanCreationFailure@6 (line 1790)
                      ; - org.springframework.beans.factory.support.AbstractBeanFactory::doGetBean@751 (line 388)
  0x000001ca5c67b1d0: 8c4c ccff | e9f5 f9ff | ff48 8d84 | 2420 0200 | 0048 8904 

  0x000001ca5c67b1e4: ;   {runtime_call C1 Runtime monitorexit_nofpu_blob}
  0x000001ca5c67b1e4: 24e8 7652 | ccff e970 | faff ff48 | 8d84 2420 | 0200 0048 

  0x000001ca5c67b1f8: ;   {runtime_call C1 Runtime monitorexit_nofpu_blob}
  0x000001ca5c67b1f8: 8904 24e8 | 6052 ccff | e9eb faff 

  0x000001ca5c67b204: ;   {runtime_call C1 Runtime throw_incompatible_class_change_error_blob}
  0x000001ca5c67b204: ffe8 5640 

  0x000001ca5c67b208: ; ImmutableOopMap {rdx=Oop rax=Oop [208]=Oop [256]=Oop }
                      ;*invokeinterface end {reexecute=0 rethrow=0 return_oop=0}
                      ; - org.springframework.beans.factory.support.AbstractBeanFactory::doGetBean@761 (line 392)
  0x000001ca5c67b208: ccff 4889 

  0x000001ca5c67b20c: ;   {runtime_call C1 Runtime throw_class_cast_exception_blob}
  0x000001ca5c67b20c: 0424 e84d 

  0x000001ca5c67b210: ; ImmutableOopMap {[208]=Oop [256]=Oop [536]=Oop }
                      ;*checkcast {reexecute=0 rethrow=0 return_oop=0}
                      ; - org.springframework.beans.factory.support.AbstractBeanFactory::clearMergedBeanDefinition@10 (line 1524)
                      ; - org.springframework.beans.factory.support.DefaultListableBeanFactory::clearMergedBeanDefinition@2 (line 986)
                      ; - org.springframework.beans.factory.support.AbstractBeanFactory::doGetBean@776 (line 394)
                      ;   {runtime_call C1 Runtime throw_null_pointer_exception_blob}
  0x000001ca5c67b210: 3dcc ffe8 

  0x000001ca5c67b214: ; ImmutableOopMap {[208]=Oop [256]=Oop [536]=Oop }
                      ;*putfield stale {reexecute=1 rethrow=0 return_oop=0}
                      ; - (reexecute) org.springframework.beans.factory.support.AbstractBeanFactory::clearMergedBeanDefinition@20 (line 1526)
                      ; - org.springframework.beans.factory.support.DefaultListableBeanFactory::clearMergedBeanDefinition@2 (line 986)
                      ; - org.springframework.beans.factory.support.AbstractBeanFactory::doGetBean@776 (line 394)
  0x000001ca5c67b214: 4819 ccff 

  0x000001ca5c67b218: ;   {runtime_call C1 Runtime throw_null_pointer_exception_blob}
  0x000001ca5c67b218: e843 19cc 

  0x000001ca5c67b21c: ; ImmutableOopMap {rax=Oop [208]=Oop [216]=Oop [232]=Oop [240]=Oop [256]=Oop [272]=Oop }
                      ;*invokestatic linkToSpecial {reexecute=0 rethrow=0 return_oop=0}
                      ; - java.lang.invoke.DirectMethodHandle$Holder::newInvokeSpecial@16
                      ; - java.lang.invoke.Invokers$Holder::linkToTargetMethod@5
                      ; - org.springframework.beans.factory.support.AbstractBeanFactory::doGetBean@255 (line 294)
                      ;   {runtime_call C1 Runtime throw_null_pointer_exception_blob}
  0x000001ca5c67b21c: ffe8 3e19 

  0x000001ca5c67b220: ; ImmutableOopMap {rax=Oop [208]=Oop [216]=Oop [232]=Oop [240]=Oop [256]=Oop [272]=Oop [280]=Oop }
                      ;*invokestatic linkToSpecial {reexecute=0 rethrow=0 return_oop=0}
                      ; - java.lang.invoke.LambdaForm$DMH/0x000000003d0a4000::newInvokeSpecial@24
                      ; - java.lang.invoke.Invokers$Holder::linkToTargetMethod@9
                      ; - org.springframework.beans.factory.support.AbstractBeanFactory::doGetBean@472 (line 331)
  0x000001ca5c67b220: ccff 4c8b | ac24 2001 | 0000 8b8c | 24e4 0000 | 00e9 7ef7 | ffff 4c8b | 8c24 4801 | 0000 e956 
  0x000001ca5c67b240: f6ff ff4c | 8b8c 2448 | 0100 00e9 | 49f6 ffff | 4c8b 8c24 | 4801 0000 | e93c f6ff | ff4c 8b84 
  0x000001ca5c67b260: 2408 0200 | 00e9 0dfa | ffff 4889 | bc24 0001 | 0000 e9f1 | f7ff ff48 | 89bc 2400 | 0100 00e9 
  0x000001ca5c67b280: 7ffa ffff | 4c8b 8c24 | 4801 0000 | e908 f6ff | ff49 8b87 | 6805 0000 | 49c7 8768 | 0500 0000 
  0x000001ca5c67b2a0: 0000 0049 | c787 7005 | 0000 0000 | 0000 4881 | c440 0200 

  0x000001ca5c67b2b4: ;   {runtime_call C1 Runtime unwind_exception_blob}
  0x000001ca5c67b2b4: 005d e9a5 | 09cc fff4 | f4f4 f4f4 
[Stub Code]
  0x000001ca5c67b2c0: ;   {other}
  0x000001ca5c67b2c0: 0f1f 4400 

  0x000001ca5c67b2c4: ;   {static_stub}
  0x000001ca5c67b2c4: 0048 bb00 | 0000 0000 

  0x000001ca5c67b2cc: ;   {runtime_call nmethod}
  0x000001ca5c67b2cc: 0000 00e9 | fbff ffff 

  0x000001ca5c67b2d4: ;   {static_stub}
  0x000001ca5c67b2d4: 9048 bb00 | 0000 0000 

  0x000001ca5c67b2dc: ;   {runtime_call nmethod}
  0x000001ca5c67b2dc: 0000 00e9 | fbff ffff 

  0x000001ca5c67b2e4: ;   {static_stub}
  0x000001ca5c67b2e4: 9048 bbc8 | 929c 64ca 

  0x000001ca5c67b2ec: ;   {runtime_call I2C/C2I adapters}
  0x000001ca5c67b2ec: 0100 00e9 | 42ac c1ff 

  0x000001ca5c67b2f4: ;   {static_stub}
  0x000001ca5c67b2f4: 9048 bb00 | 0000 0000 

  0x000001ca5c67b2fc: ;   {runtime_call nmethod}
  0x000001ca5c67b2fc: 0000 00e9 | fbff ffff 

  0x000001ca5c67b304: ;   {static_stub}
  0x000001ca5c67b304: 9048 bbd8 | b49c 64ca 

  0x000001ca5c67b30c: ;   {runtime_call I2C/C2I adapters}
  0x000001ca5c67b30c: 0100 00e9 | 22ac c1ff 

  0x000001ca5c67b314: ;   {static_stub}
  0x000001ca5c67b314: 9048 bb00 | 0000 0000 

  0x000001ca5c67b31c: ;   {runtime_call nmethod}
  0x000001ca5c67b31c: 0000 00e9 | fbff ffff 

  0x000001ca5c67b324: ;   {static_stub}
  0x000001ca5c67b324: 9048 bb00 | 0000 0000 

  0x000001ca5c67b32c: ;   {runtime_call nmethod}
  0x000001ca5c67b32c: 0000 00e9 | fbff ffff 

  0x000001ca5c67b334: ;   {static_stub}
  0x000001ca5c67b334: 9048 bb70 | b89a 64ca 

  0x000001ca5c67b33c: ;   {runtime_call I2C/C2I adapters}
  0x000001ca5c67b33c: 0100 00e9 | fab3 c0ff 

  0x000001ca5c67b344: ;   {static_stub}
  0x000001ca5c67b344: 9048 bb40 | c89d 64ca 

  0x000001ca5c67b34c: ;   {runtime_call I2C/C2I adapters}
  0x000001ca5c67b34c: 0100 00e9 | e622 c1ff 

  0x000001ca5c67b354: ;   {static_stub}
  0x000001ca5c67b354: 9048 bb00 | 0000 0000 

  0x000001ca5c67b35c: ;   {runtime_call nmethod}
  0x000001ca5c67b35c: 0000 00e9 | fbff ffff 

  0x000001ca5c67b364: ;   {static_stub}
  0x000001ca5c67b364: 9048 bbd0 | ab9d 64ca 

  0x000001ca5c67b36c: ;   {runtime_call I2C/C2I adapters}
  0x000001ca5c67b36c: 0100 00e9 | c622 c1ff 

  0x000001ca5c67b374: ;   {static_stub}
  0x000001ca5c67b374: 9048 bb00 | 0000 0000 

  0x000001ca5c67b37c: ;   {runtime_call nmethod}
  0x000001ca5c67b37c: 0000 00e9 | fbff ffff 

  0x000001ca5c67b384: ;   {static_stub}
  0x000001ca5c67b384: 9048 bb00 | 0000 0000 

  0x000001ca5c67b38c: ;   {runtime_call nmethod}
  0x000001ca5c67b38c: 0000 00e9 | fbff ffff 

  0x000001ca5c67b394: ;   {static_stub}
  0x000001ca5c67b394: 9048 bb00 | 0000 0000 

  0x000001ca5c67b39c: ;   {runtime_call nmethod}
  0x000001ca5c67b39c: 0000 00e9 | fbff ffff 

  0x000001ca5c67b3a4: ;   {static_stub}
  0x000001ca5c67b3a4: 9048 bb00 | 0000 0000 

  0x000001ca5c67b3ac: ;   {runtime_call nmethod}
  0x000001ca5c67b3ac: 0000 00e9 | fbff ffff 

  0x000001ca5c67b3b4: ;   {static_stub}
  0x000001ca5c67b3b4: 9048 bb00 | 0000 0000 

  0x000001ca5c67b3bc: ;   {runtime_call nmethod}
  0x000001ca5c67b3bc: 0000 00e9 | fbff ffff 

  0x000001ca5c67b3c4: ;   {static_stub}
  0x000001ca5c67b3c4: 9048 bb00 | 0000 0000 

  0x000001ca5c67b3cc: ;   {runtime_call nmethod}
  0x000001ca5c67b3cc: 0000 00e9 | fbff ffff 

  0x000001ca5c67b3d4: ;   {static_stub}
  0x000001ca5c67b3d4: 9048 bb00 | 0000 0000 

  0x000001ca5c67b3dc: ;   {runtime_call nmethod}
  0x000001ca5c67b3dc: 0000 00e9 | fbff ffff 

  0x000001ca5c67b3e4: ;   {static_stub}
  0x000001ca5c67b3e4: 9048 bb00 | 0000 0000 

  0x000001ca5c67b3ec: ;   {runtime_call nmethod}
  0x000001ca5c67b3ec: 0000 00e9 | fbff ffff 

  0x000001ca5c67b3f4: ;   {static_stub}
  0x000001ca5c67b3f4: 9048 bb00 | 0000 0000 

  0x000001ca5c67b3fc: ;   {runtime_call nmethod}
  0x000001ca5c67b3fc: 0000 00e9 | fbff ffff 

  0x000001ca5c67b404: ;   {static_stub}
  0x000001ca5c67b404: 9048 bb00 | 0000 0000 

  0x000001ca5c67b40c: ;   {runtime_call nmethod}
  0x000001ca5c67b40c: 0000 00e9 | fbff ffff 

  0x000001ca5c67b414: ;   {static_stub}
  0x000001ca5c67b414: 9048 bb00 | 0000 0000 

  0x000001ca5c67b41c: ;   {runtime_call nmethod}
  0x000001ca5c67b41c: 0000 00e9 | fbff ffff 

  0x000001ca5c67b424: ;   {static_stub}
  0x000001ca5c67b424: 9048 bb00 | 0000 0000 

  0x000001ca5c67b42c: ;   {runtime_call nmethod}
  0x000001ca5c67b42c: 0000 00e9 | fbff ffff 

  0x000001ca5c67b434: ;   {static_stub}
  0x000001ca5c67b434: 9048 bb00 | 0000 0000 

  0x000001ca5c67b43c: ;   {runtime_call nmethod}
  0x000001ca5c67b43c: 0000 00e9 | fbff ffff 

  0x000001ca5c67b444: ;   {static_stub}
  0x000001ca5c67b444: 9048 bb00 | 0000 0000 

  0x000001ca5c67b44c: ;   {runtime_call nmethod}
  0x000001ca5c67b44c: 0000 00e9 | fbff ffff 

  0x000001ca5c67b454: ;   {static_stub}
  0x000001ca5c67b454: 9048 bb00 | 0000 0000 

  0x000001ca5c67b45c: ;   {runtime_call nmethod}
  0x000001ca5c67b45c: 0000 00e9 | fbff ffff 

  0x000001ca5c67b464: ;   {static_stub}
  0x000001ca5c67b464: 9048 bb00 | 0000 0000 

  0x000001ca5c67b46c: ;   {runtime_call nmethod}
  0x000001ca5c67b46c: 0000 00e9 | fbff ffff 

  0x000001ca5c67b474: ;   {static_stub}
  0x000001ca5c67b474: 9048 bb00 | 0000 0000 

  0x000001ca5c67b47c: ;   {runtime_call nmethod}
  0x000001ca5c67b47c: 0000 00e9 | fbff ffff 

  0x000001ca5c67b484: ;   {static_stub}
  0x000001ca5c67b484: 9048 bb00 | 0000 0000 

  0x000001ca5c67b48c: ;   {runtime_call nmethod}
  0x000001ca5c67b48c: 0000 00e9 | fbff ffff 

  0x000001ca5c67b494: ;   {static_stub}
  0x000001ca5c67b494: 9048 bb00 | 0000 0000 

  0x000001ca5c67b49c: ;   {runtime_call nmethod}
  0x000001ca5c67b49c: 0000 00e9 | fbff ffff 

  0x000001ca5c67b4a4: ;   {static_stub}
  0x000001ca5c67b4a4: 9048 bb00 | 0000 0000 

  0x000001ca5c67b4ac: ;   {runtime_call nmethod}
  0x000001ca5c67b4ac: 0000 00e9 | fbff ffff 

  0x000001ca5c67b4b4: ;   {static_stub}
  0x000001ca5c67b4b4: 9048 bb00 | 0000 0000 

  0x000001ca5c67b4bc: ;   {runtime_call nmethod}
  0x000001ca5c67b4bc: 0000 00e9 | fbff ffff 

  0x000001ca5c67b4c4: ;   {static_stub}
  0x000001ca5c67b4c4: 9048 bb00 | 0000 0000 

  0x000001ca5c67b4cc: ;   {runtime_call nmethod}
  0x000001ca5c67b4cc: 0000 00e9 | fbff ffff 

  0x000001ca5c67b4d4: ;   {static_stub}
  0x000001ca5c67b4d4: 9048 bb00 | 0000 0000 

  0x000001ca5c67b4dc: ;   {runtime_call nmethod}
  0x000001ca5c67b4dc: 0000 00e9 | fbff ffff 

  0x000001ca5c67b4e4: ;   {static_stub}
  0x000001ca5c67b4e4: 9048 bb00 | 0000 0000 

  0x000001ca5c67b4ec: ;   {runtime_call nmethod}
  0x000001ca5c67b4ec: 0000 00e9 | fbff ffff 

  0x000001ca5c67b4f4: ;   {static_stub}
  0x000001ca5c67b4f4: 9048 bb00 | 0000 0000 

  0x000001ca5c67b4fc: ;   {runtime_call nmethod}
  0x000001ca5c67b4fc: 0000 00e9 | fbff ffff 

  0x000001ca5c67b504: ;   {static_stub}
  0x000001ca5c67b504: 9048 bb00 | 0000 0000 

  0x000001ca5c67b50c: ;   {runtime_call nmethod}
  0x000001ca5c67b50c: 0000 00e9 | fbff ffff 

  0x000001ca5c67b514: ;   {static_stub}
  0x000001ca5c67b514: 9048 bb10 | 599c 64ca 

  0x000001ca5c67b51c: ;   {runtime_call I2C/C2I adapters}
  0x000001ca5c67b51c: 0100 00e9 | 1ab2 c0ff 

  0x000001ca5c67b524: ;   {static_stub}
  0x000001ca5c67b524: 9048 bb00 | 0000 0000 

  0x000001ca5c67b52c: ;   {runtime_call nmethod}
  0x000001ca5c67b52c: 0000 00e9 | fbff ffff 

  0x000001ca5c67b534: ;   {static_stub}
  0x000001ca5c67b534: 9048 bb00 | 0000 0000 

  0x000001ca5c67b53c: ;   {runtime_call nmethod}
  0x000001ca5c67b53c: 0000 00e9 | fbff ffff 

  0x000001ca5c67b544: ;   {static_stub}
  0x000001ca5c67b544: 9048 bb00 | 0000 0000 

  0x000001ca5c67b54c: ;   {runtime_call nmethod}
  0x000001ca5c67b54c: 0000 00e9 | fbff ffff 

  0x000001ca5c67b554: ;   {static_stub}
  0x000001ca5c67b554: 9048 bb00 | 0000 0000 

  0x000001ca5c67b55c: ;   {runtime_call nmethod}
  0x000001ca5c67b55c: 0000 00e9 | fbff ffff 

  0x000001ca5c67b564: ;   {static_stub}
  0x000001ca5c67b564: 9048 bb00 | 0000 0000 

  0x000001ca5c67b56c: ;   {runtime_call nmethod}
  0x000001ca5c67b56c: 0000 00e9 | fbff ffff 

  0x000001ca5c67b574: ;   {static_stub}
  0x000001ca5c67b574: 9048 bb00 | 0000 0000 

  0x000001ca5c67b57c: ;   {runtime_call nmethod}
  0x000001ca5c67b57c: 0000 00e9 | fbff ffff 

  0x000001ca5c67b584: ;   {static_stub}
  0x000001ca5c67b584: 9048 bb00 | 0000 0000 

  0x000001ca5c67b58c: ;   {runtime_call nmethod}
  0x000001ca5c67b58c: 0000 00e9 | fbff ffff 

  0x000001ca5c67b594: ;   {static_stub}
  0x000001ca5c67b594: 9048 bb00 | 0000 0000 

  0x000001ca5c67b59c: ;   {runtime_call nmethod}
  0x000001ca5c67b59c: 0000 00e9 | fbff ffff 

  0x000001ca5c67b5a4: ;   {static_stub}
  0x000001ca5c67b5a4: 9048 bb00 | 0000 0000 

  0x000001ca5c67b5ac: ;   {runtime_call nmethod}
  0x000001ca5c67b5ac: 0000 00e9 | fbff ffff 

  0x000001ca5c67b5b4: ;   {static_stub}
  0x000001ca5c67b5b4: 9048 bb00 | 0000 0000 

  0x000001ca5c67b5bc: ;   {runtime_call nmethod}
  0x000001ca5c67b5bc: 0000 00e9 | fbff ffff 

  0x000001ca5c67b5c4: ;   {static_stub}
  0x000001ca5c67b5c4: 9048 bb00 | 0000 0000 

  0x000001ca5c67b5cc: ;   {runtime_call nmethod}
  0x000001ca5c67b5cc: 0000 00e9 | fbff ffff 

  0x000001ca5c67b5d4: ;   {static_stub}
  0x000001ca5c67b5d4: 9048 bb00 | 0000 0000 

  0x000001ca5c67b5dc: ;   {runtime_call nmethod}
  0x000001ca5c67b5dc: 0000 00e9 | fbff ffff 

  0x000001ca5c67b5e4: ;   {static_stub}
  0x000001ca5c67b5e4: 9048 bb00 | 0000 0000 

  0x000001ca5c67b5ec: ;   {runtime_call nmethod}
  0x000001ca5c67b5ec: 0000 00e9 | fbff ffff 

  0x000001ca5c67b5f4: ;   {static_stub}
  0x000001ca5c67b5f4: 9048 bb00 | 0000 0000 

  0x000001ca5c67b5fc: ;   {runtime_call nmethod}
  0x000001ca5c67b5fc: 0000 00e9 | fbff ffff 

  0x000001ca5c67b604: ;   {static_stub}
  0x000001ca5c67b604: 9048 bb00 | 0000 0000 

  0x000001ca5c67b60c: ;   {runtime_call nmethod}
  0x000001ca5c67b60c: 0000 00e9 | fbff ffff 

  0x000001ca5c67b614: ;   {static_stub}
  0x000001ca5c67b614: 9048 bb00 | 0000 0000 

  0x000001ca5c67b61c: ;   {runtime_call nmethod}
  0x000001ca5c67b61c: 0000 00e9 | fbff ffff 

  0x000001ca5c67b624: ;   {static_stub}
  0x000001ca5c67b624: 9048 bb00 | 0000 0000 

  0x000001ca5c67b62c: ;   {runtime_call nmethod}
  0x000001ca5c67b62c: 0000 00e9 | fbff ffff 

  0x000001ca5c67b634: ;   {static_stub}
  0x000001ca5c67b634: 9048 bb00 | 0000 0000 

  0x000001ca5c67b63c: ;   {runtime_call nmethod}
  0x000001ca5c67b63c: 0000 00e9 | fbff ffff 

  0x000001ca5c67b644: ;   {static_stub}
  0x000001ca5c67b644: 48bb 0000 | 0000 0000 

  0x000001ca5c67b64c: ;   {runtime_call nmethod}
  0x000001ca5c67b64c: 0000 e9fb 

  0x000001ca5c67b650: ;   {static_stub}
  0x000001ca5c67b650: ffff ff48 | bb00 0000 | 0000 0000 

  0x000001ca5c67b65c: ;   {runtime_call nmethod}
  0x000001ca5c67b65c: 00e9 fbff 

  0x000001ca5c67b660: ;   {static_stub}
  0x000001ca5c67b660: ffff 48bb | 0000 0000 | 0000 0000 

  0x000001ca5c67b66c: ;   {runtime_call nmethod}
  0x000001ca5c67b66c: e9fb ffff 

  0x000001ca5c67b670: ;   {static_stub}
  0x000001ca5c67b670: ff48 bb50 | a019 3c00 

  0x000001ca5c67b678: ;   {runtime_call I2C/C2I adapters}
  0x000001ca5c67b678: 0000 00e9 | b250 c1ff 

  0x000001ca5c67b680: ;   {static_stub}
  0x000001ca5c67b680: 48bb 0000 | 0000 0000 

  0x000001ca5c67b688: ;   {runtime_call nmethod}
  0x000001ca5c67b688: 0000 e9fb 

  0x000001ca5c67b68c: ;   {static_stub}
  0x000001ca5c67b68c: ffff ff48 | bb00 0000 | 0000 0000 

  0x000001ca5c67b698: ;   {runtime_call nmethod}
  0x000001ca5c67b698: 00e9 fbff 

  0x000001ca5c67b69c: ;   {static_stub}
  0x000001ca5c67b69c: ffff 48bb | f8cc 9d64 | ca01 0000 

  0x000001ca5c67b6a8: ;   {runtime_call I2C/C2I adapters}
  0x000001ca5c67b6a8: e991 b0c0 

  0x000001ca5c67b6ac: ;   {static_stub}
  0x000001ca5c67b6ac: ff48 bb00 | 0000 0000 

  0x000001ca5c67b6b4: ;   {runtime_call nmethod}
  0x000001ca5c67b6b4: 0000 00e9 | fbff ffff 

  0x000001ca5c67b6bc: ;   {static_stub}
  0x000001ca5c67b6bc: 48bb 0000 | 0000 0000 

  0x000001ca5c67b6c4: ;   {runtime_call nmethod}
  0x000001ca5c67b6c4: 0000 e9fb 

  0x000001ca5c67b6c8: ;   {static_stub}
  0x000001ca5c67b6c8: ffff ff48 | bb00 0000 | 0000 0000 

  0x000001ca5c67b6d4: ;   {runtime_call nmethod}
  0x000001ca5c67b6d4: 00e9 fbff 

  0x000001ca5c67b6d8: ;   {runtime_call C1 Runtime handle_exception_from_callee_blob}
  0x000001ca5c67b6d8: ffff e881 

  0x000001ca5c67b6dc: ;   {external_word}
  0x000001ca5c67b6dc: 32cc ff48 | b938 7293 | ebfd 7f00 | 0048 83e4 

  0x000001ca5c67b6ec: ;   {runtime_call}
  0x000001ca5c67b6ec: f048 b830 | e554 ebfd | 7f00 00ff 

  0x000001ca5c67b6f8: ;   {runtime_call DeoptimizationBlob}
  0x000001ca5c67b6f8: d0f4 e861 | 5ec1 ffeb | f9f4 f4f4 | f4f4 f4f4 
[/MachCode]


Compiled method (c1) 8697 2852       1       org.springframework.beans.factory.support.AbstractBeanFactory::getBean (9 bytes)
 total in heap  [0x000001ca5c67cc88,0x000001ca5c67ce78] = 496
 main code      [0x000001ca5c67cd80,0x000001ca5c67ce30] = 176
 stub code      [0x000001ca5c67ce30,0x000001ca5c67ce70] = 64
 oops           [0x000001ca5c67ce70,0x000001ca5c67ce78] = 8
 mutable data [0x000001ca68674310,0x000001ca68674358] = 72
 relocation     [0x000001ca68674310,0x000001ca68674340] = 48
 metadata       [0x000001ca68674340,0x000001ca68674358] = 24
 immutable data [0x000001ca684d1b70,0x000001ca684d1bbc] = 76
 dependencies   [0x000001ca684d1b70,0x000001ca684d1b78] = 8
 scopes pcs     [0x000001ca684d1b78,0x000001ca684d1ba8] = 48
 scopes data    [0x000001ca684d1ba8,0x000001ca684d1bb8] = 16

[Constant Pool (empty)]


Loading hsdis library failed, undisassembled code is shown in MachCode section
[MachCode]
[Instructions begin]
  0x000001ca5c67cd80: 660f 1f84 | 0000 0000 | 0066 0f1f | 8400 0000 | 0000 448b | 5208 443b 

  0x000001ca5c67cd98: ;   {runtime_call Shared Runtime ic_miss_blob}
  0x000001ca5c67cd98: 5008 0f85 | 4020 c1ff 
[Verified Entry Point]
  0x000001ca5c67cda0: 8984 2400 | 80ff ff55 | 4883 ec40 | 4181 7f20 | 0600 0000 

  0x000001ca5c67cdb4: ;   {runtime_call Stub::Stub Generator method_entry_barrier_stub}
  0x000001ca5c67cdb4: 7405 e8c5 

  0x000001ca5c67cdb8: ;   {oop(nullptr)}
  0x000001ca5c67cdb8: 72bf ff48 | bf00 0000 | 0000 0000 | 00be 0000 | 0000 0f1f 

  0x000001ca5c67cdcc: ;   {optimized virtual_call}
  0x000001ca5c67cdcc: 4400 00e8 

  0x000001ca5c67cdd0: ; ImmutableOopMap {}
                      ;*invokevirtual doGetBean {reexecute=0 rethrow=0 return_oop=0}
                      ; - org.springframework.beans.factory.support.AbstractBeanFactory::getBean@5 (line 201)
  0x000001ca5c67cdd0: 4cc3 ffff 

  0x000001ca5c67cdd4: ;   {post_call_nop}
  0x000001ca5c67cdd4: 0f1f 8400 | 4c01 0000 | 4883 c440 

  0x000001ca5c67cde0: ;   {poll_return}
  0x000001ca5c67cde0: 5d49 3b67 | 280f 8701 | 0000 00c3 

  0x000001ca5c67cdec: ;   {internal_word}
  0x000001ca5c67cdec: 49ba e1cd | 675c ca01 | 0000 4d89 | 97b8 0400 

  0x000001ca5c67cdfc: ;   {runtime_call SafepointBlob}
  0x000001ca5c67cdfc: 00e9 5e44 | c1ff 498b | 8768 0500 | 0049 c787 | 6805 0000 | 0000 0000 | 49c7 8770 | 0500 0000 
  0x000001ca5c67ce1c: 0000 0048 | 83c4 405d 

  0x000001ca5c67ce24: ;   {runtime_call C1 Runtime unwind_exception_blob}
  0x000001ca5c67ce24: e937 eecb | fff4 f4f4 | f4f4 f4f4 
[Stub Code]
  0x000001ca5c67ce30: ;   {other}
  0x000001ca5c67ce30: 0f1f 4400 

  0x000001ca5c67ce34: ;   {static_stub}
  0x000001ca5c67ce34: 0048 bb00 | 0000 0000 

  0x000001ca5c67ce3c: ;   {runtime_call nmethod}
  0x000001ca5c67ce3c: 0000 00e9 | fbff ffff 
[Exception Handler]
  0x000001ca5c67ce44: ;   {runtime_call C1 Runtime handle_exception_from_callee_blob}
  0x000001ca5c67ce44: e817 1bcc 

  0x000001ca5c67ce48: ;   {external_word}
  0x000001ca5c67ce48: ff48 b938 | 7293 ebfd | 7f00 0048 

  0x000001ca5c67ce54: ;   {runtime_call}
  0x000001ca5c67ce54: 83e4 f048 | b830 e554 | ebfd 7f00 | 00ff d0f4 

  0x000001ca5c67ce64: ;   {runtime_call DeoptimizationBlob}
  0x000001ca5c67ce64: e8f7 46c1 | ffeb f9f4 | f4f4 f4f4 
[/MachCode]


---------------  P R O C E S S  ---------------

Threads class SMR info:
_java_thread_list=0x000001ca63b96110, length=14, elements={
0x000001ca5126f970, 0x000001ca630f3f30, 0x000001ca630f4980, 0x000001ca630f6400,
0x000001ca630f6bb0, 0x000001ca630f9370, 0x000001ca630fab30, 0x000001ca630fb2e0,
0x000001ca6318b270, 0x000001ca63191a40, 0x000001ca63b5ae60, 0x000001ca637e9030,
0x000001ca637e97e0, 0x000001ca63962fb0
}

Java Threads: ( => current thread )
=>0x000001ca5126f970 JavaThread "main"                              [_thread_in_vm, id=17760, stack(0x00000069b1600000,0x00000069b1700000) (1024K)]
  0x000001ca630f3f30 JavaThread "Reference Handler"          daemon [_thread_blocked, id=17788, stack(0x00000069b1f00000,0x00000069b2000000) (1024K)]
  0x000001ca630f4980 JavaThread "Finalizer"                  daemon [_thread_blocked, id=7592, stack(0x00000069b2000000,0x00000069b2100000) (1024K)]
  0x000001ca630f6400 JavaThread "Signal Dispatcher"          daemon [_thread_blocked, id=6580, stack(0x00000069b2100000,0x00000069b2200000) (1024K)]
  0x000001ca630f6bb0 JavaThread "Attach Listener"            daemon [_thread_blocked, id=3404, stack(0x00000069b2200000,0x00000069b2300000) (1024K)]
  0x000001ca630f9370 JavaThread "Service Thread"             daemon [_thread_blocked, id=11340, stack(0x00000069b2300000,0x00000069b2400000) (1024K)]
  0x000001ca630fab30 JavaThread "Monitor Deflation Thread"   daemon [_thread_blocked, id=1244, stack(0x00000069b2400000,0x00000069b2500000) (1024K)]
  0x000001ca630fb2e0 JavaThread "C1 CompilerThread0"         daemon [_thread_blocked, id=16144, stack(0x00000069b2500000,0x00000069b2600000) (1024K)]
  0x000001ca6318b270 JavaThread "Notification Thread"        daemon [_thread_blocked, id=11996, stack(0x00000069b2600000,0x00000069b2700000) (1024K)]
  0x000001ca63191a40 JavaThread "Common-Cleaner"             daemon [_thread_blocked, id=2884, stack(0x00000069b2700000,0x00000069b2800000) (1024K)]
  0x000001ca63b5ae60 JavaThread "Catalina-utility-1"                [_thread_blocked, id=14228, stack(0x00000069b2900000,0x00000069b2a00000) (1024K)]
  0x000001ca637e9030 JavaThread "Catalina-utility-2"                [_thread_blocked, id=11888, stack(0x00000069b2a00000,0x00000069b2b00000) (1024K)]
  0x000001ca637e97e0 JavaThread "container-0"                       [_thread_blocked, id=17120, stack(0x00000069b2b00000,0x00000069b2c00000) (1024K)]
  0x000001ca63962fb0 JavaThread "mysql-cj-abandoned-connection-cleanup" daemon [_thread_blocked, id=17220, stack(0x00000069b2c00000,0x00000069b2d00000) (1024K)]
Total: 14

Other Threads:
  0x000001ca536270d0 VMThread "VM Thread"                           [id=8156, stack(0x00000069b1e00000,0x00000069b1f00000) (1024K)]
  0x000001ca53606900 WatcherThread "VM Periodic Task Thread"        [id=12324, stack(0x00000069b1d00000,0x00000069b1e00000) (1024K)]
  0x000001ca535ef760 WorkerThread "GC Thread#0"                     [id=17772, stack(0x00000069b1700000,0x00000069b1800000) (1024K)]
  0x000001ca53627970 WorkerThread "GC Thread#1"                     [id=13536, stack(0x00000069b2800000,0x00000069b2900000) (1024K)]
  0x000001ca53602600 ConcurrentGCThread "G1 Main Marker"            [id=17364, stack(0x00000069b1800000,0x00000069b1900000) (1024K)]
  0x000001ca53604490 WorkerThread "G1 Conc#0"                       [id=2732, stack(0x00000069b1900000,0x00000069b1a00000) (1024K)]
  0x000001ca536263e0 WorkerThread "G1 Refinement Workers#0"         [id=2516, stack(0x00000069b1b00000,0x00000069b1c00000) (1024K)]
  0x000001ca53623800 ConcurrentGCThread "G1 Refine Control"         [id=500, stack(0x00000069b1a00000,0x00000069b1b00000) (1024K)]
  0x000001ca5362a840 ConcurrentGCThread "G1 Service"                [id=17224, stack(0x00000069b1c00000,0x00000069b1d00000) (1024K)]
Total: 9

Threads with active compile tasks:
Total: 0

VM state: not at safepoint (normal execution)

VM Mutex/Monitor currently owned by a thread:  ([mutex/lock_event])
[0x00007ffdebc0cb08] Metaspace_lock - owner thread: 0x000001ca5126f970

Heap address: 0x00000000a1e00000, size: 1506 MB, Compressed Oops mode: 32-bit

CDS archive(s) mapped at: [0x000000003c000000-0x000000003cde0000-0x000000003cde0000), size 14548992, SharedBaseAddress: 0x000000003c000000, ArchiveRelocationMode: 1.
Compressed class space mapped at: 0x000000003d000000-0x000000007d000000, reserved size: 1073741824
UseCompressedClassPointers 1, UseCompactObjectHeaders 0
Narrow klass pointer bits 32, Max shift 3
Narrow klass base: 0x000000003c000000, Narrow klass shift: 0
Encoding Range: [0x000000003c000000 - 0x000000013c000000), (4294967296 bytes)
Klass Range:    [0x000000003c000000 - 0x000000007d000000), (1090519040 bytes)
Klass ID Range:  [8 - 1090519033) (1090519025)
Protection zone: [0x000000003c000000 - 0x000000003c010000), (65536 bytes)

GC Precious Log:
 CardTable entry size: 512
 Card Set container configuration: InlinePtr #cards 5 size 8 Array Of Cards #cards 10 size 36 Howl #buckets 4 coarsen threshold 1843 Howl Bitmap #cards 512 size 80 coarsen threshold 460 Card regions per heap region 1 cards per card region 2048
 CPUs: 2 total, 2 available
 Memory: 6020M
 Large Page Support: Disabled
 NUMA Support: Disabled
 Compressed Oops: Enabled (32-bit)
 Heap Region Size: 1M
 Heap Min Capacity: 8M
 Heap Initial Capacity: 8M
 Heap Max Capacity: 1506M
 Pre-touch: Disabled
 Parallel Workers: 2
 Concurrent Workers: 1
 Concurrent Refinement Workers: 2
 Periodic GC: Disabled

Heap:
 garbage-first heap   total reserved 1542144K, committed 109568K, used 60928K [0x00000000a1e00000, 0x0000000100000000)
  region size 1M, 36 eden (36M), 3 survivor (3M), 21 old (21M), 1 humongous (1M), 46 free (46M)

Heap Regions: E=young(eden), S=young(survivor), O=old, HS=humongous(starts), HC=humongous(continues), CS=collection set, F=free, TAMS=top-at-mark-start, PB=parsable bottom
|    0|0x00000000a1e00000, 0x00000000a1f00000, 0x00000000a1f00000|100%|HS|  |TAMS 0x00000000a1e00000| PB 0x00000000a1e00000| Complete  |  0
|    1|0x00000000a1f00000, 0x00000000a2000000, 0x00000000a2000000|100%| O|  |TAMS 0x00000000a1f00000| PB 0x00000000a1f00000| Untracked |  0
|    2|0x00000000a2000000, 0x00000000a2100000, 0x00000000a2100000|100%| O|  |TAMS 0x00000000a2000000| PB 0x00000000a2000000| Untracked |  0
|    3|0x00000000a2100000, 0x00000000a2100000, 0x00000000a2200000|  0%| F|  |TAMS 0x00000000a2100000| PB 0x00000000a2100000| Untracked |  0
|    4|0x00000000a2200000, 0x00000000a2300000, 0x00000000a2300000|100%| O|  |TAMS 0x00000000a2200000| PB 0x00000000a2200000| Untracked |  0
|    5|0x00000000a2300000, 0x00000000a2400000, 0x00000000a2400000|100%| O|  |TAMS 0x00000000a2300000| PB 0x00000000a2300000| Untracked |  0
|    6|0x00000000a2400000, 0x00000000a2500000, 0x00000000a2500000|100%| O|  |TAMS 0x00000000a2400000| PB 0x00000000a2400000| Untracked |  0
|    7|0x00000000a2500000, 0x00000000a2600000, 0x00000000a2600000|100%| O|  |TAMS 0x00000000a2500000| PB 0x00000000a2500000| Untracked |  0
|    8|0x00000000a2600000, 0x00000000a2700000, 0x00000000a2700000|100%| O|  |TAMS 0x00000000a2600000| PB 0x00000000a2600000| Untracked |  0
|    9|0x00000000a2700000, 0x00000000a2800000, 0x00000000a2800000|100%| O|  |TAMS 0x00000000a2700000| PB 0x00000000a2700000| Untracked |  0
|   10|0x00000000a2800000, 0x00000000a2900000, 0x00000000a2900000|100%| O|  |TAMS 0x00000000a2800000| PB 0x00000000a2800000| Untracked |  0
|   11|0x00000000a2900000, 0x00000000a2a00000, 0x00000000a2a00000|100%| O|  |TAMS 0x00000000a2900000| PB 0x00000000a2900000| Untracked |  0
|   12|0x00000000a2a00000, 0x00000000a2b00000, 0x00000000a2b00000|100%| O|  |TAMS 0x00000000a2a00000| PB 0x00000000a2a00000| Untracked |  0
|   13|0x00000000a2b00000, 0x00000000a2c00000, 0x00000000a2c00000|100%| O|  |TAMS 0x00000000a2b00000| PB 0x00000000a2b00000| Untracked |  0
|   14|0x00000000a2c00000, 0x00000000a2d00000, 0x00000000a2d00000|100%| O|  |TAMS 0x00000000a2c00000| PB 0x00000000a2c00000| Untracked |  0
|   15|0x00000000a2d00000, 0x00000000a2e00000, 0x00000000a2e00000|100%| O|  |TAMS 0x00000000a2d00000| PB 0x00000000a2d00000| Untracked |  0
|   16|0x00000000a2e00000, 0x00000000a2f00000, 0x00000000a2f00000|100%| O|  |TAMS 0x00000000a2e00000| PB 0x00000000a2e00000| Untracked |  0
|   17|0x00000000a2f00000, 0x00000000a3000000, 0x00000000a3000000|100%| O|  |TAMS 0x00000000a2f00000| PB 0x00000000a2f00000| Untracked |  0
|   18|0x00000000a3000000, 0x00000000a3100000, 0x00000000a3100000|100%| O|Cm|TAMS 0x00000000a3000000| PB 0x00000000a3000000| Complete  |  0
|   19|0x00000000a3100000, 0x00000000a3180000, 0x00000000a3200000| 50%| O|  |TAMS 0x00000000a3100000| PB 0x00000000a3100000| Untracked |  0
|   20|0x00000000a3200000, 0x00000000a3200000, 0x00000000a3300000|  0%| F|  |TAMS 0x00000000a3200000| PB 0x00000000a3200000| Untracked |  0
|   21|0x00000000a3300000, 0x00000000a3300000, 0x00000000a3400000|  0%| F|  |TAMS 0x00000000a3300000| PB 0x00000000a3300000| Untracked |  0
|   22|0x00000000a3400000, 0x00000000a3400000, 0x00000000a3500000|  0%| F|  |TAMS 0x00000000a3400000| PB 0x00000000a3400000| Untracked |  0
|   23|0x00000000a3500000, 0x00000000a3500000, 0x00000000a3600000|  0%| F|  |TAMS 0x00000000a3500000| PB 0x00000000a3500000| Untracked |  0
|   24|0x00000000a3600000, 0x00000000a3600000, 0x00000000a3700000|  0%| F|  |TAMS 0x00000000a3600000| PB 0x00000000a3600000| Untracked |  0
|   25|0x00000000a3700000, 0x00000000a3700000, 0x00000000a3800000|  0%| F|  |TAMS 0x00000000a3700000| PB 0x00000000a3700000| Untracked |  0
|   26|0x00000000a3800000, 0x00000000a3800000, 0x00000000a3900000|  0%| F|  |TAMS 0x00000000a3800000| PB 0x00000000a3800000| Untracked |  0
|   27|0x00000000a3900000, 0x00000000a3900000, 0x00000000a3a00000|  0%| F|  |TAMS 0x00000000a3900000| PB 0x00000000a3900000| Untracked |  0
|   28|0x00000000a3a00000, 0x00000000a3a00000, 0x00000000a3b00000|  0%| F|  |TAMS 0x00000000a3a00000| PB 0x00000000a3a00000| Untracked |  0
|   29|0x00000000a3b00000, 0x00000000a3b00000, 0x00000000a3c00000|  0%| F|  |TAMS 0x00000000a3b00000| PB 0x00000000a3b00000| Untracked |  0
|   30|0x00000000a3c00000, 0x00000000a3c00000, 0x00000000a3d00000|  0%| F|  |TAMS 0x00000000a3c00000| PB 0x00000000a3c00000| Untracked |  0
|   31|0x00000000a3d00000, 0x00000000a3d00000, 0x00000000a3e00000|  0%| F|  |TAMS 0x00000000a3d00000| PB 0x00000000a3d00000| Untracked |  0
|   32|0x00000000a3e00000, 0x00000000a3e00000, 0x00000000a3f00000|  0%| F|  |TAMS 0x00000000a3e00000| PB 0x00000000a3e00000| Untracked |  0
|   33|0x00000000a3f00000, 0x00000000a3f00000, 0x00000000a4000000|  0%| F|  |TAMS 0x00000000a3f00000| PB 0x00000000a3f00000| Untracked |  0
|   34|0x00000000a4000000, 0x00000000a4000000, 0x00000000a4100000|  0%| F|  |TAMS 0x00000000a4000000| PB 0x00000000a4000000| Untracked |  0
|   35|0x00000000a4100000, 0x00000000a4100000, 0x00000000a4200000|  0%| F|  |TAMS 0x00000000a4100000| PB 0x00000000a4100000| Untracked |  0
|   36|0x00000000a4200000, 0x00000000a4200000, 0x00000000a4300000|  0%| F|  |TAMS 0x00000000a4200000| PB 0x00000000a4200000| Untracked |  0
|   37|0x00000000a4300000, 0x00000000a4300000, 0x00000000a4400000|  0%| F|  |TAMS 0x00000000a4300000| PB 0x00000000a4300000| Untracked |  0
|   38|0x00000000a4400000, 0x00000000a4400000, 0x00000000a4500000|  0%| F|  |TAMS 0x00000000a4400000| PB 0x00000000a4400000| Untracked |  0
|   39|0x00000000a4500000, 0x00000000a4500000, 0x00000000a4600000|  0%| F|  |TAMS 0x00000000a4500000| PB 0x00000000a4500000| Untracked |  0
|   40|0x00000000a4600000, 0x00000000a4600000, 0x00000000a4700000|  0%| F|  |TAMS 0x00000000a4600000| PB 0x00000000a4600000| Untracked |  0
|   41|0x00000000a4700000, 0x00000000a4700000, 0x00000000a4800000|  0%| F|  |TAMS 0x00000000a4700000| PB 0x00000000a4700000| Untracked |  0
|   42|0x00000000a4800000, 0x00000000a4800000, 0x00000000a4900000|  0%| F|  |TAMS 0x00000000a4800000| PB 0x00000000a4800000| Untracked |  0
|   43|0x00000000a4900000, 0x00000000a4900000, 0x00000000a4a00000|  0%| F|  |TAMS 0x00000000a4900000| PB 0x00000000a4900000| Untracked |  0
|   44|0x00000000a4a00000, 0x00000000a4a00000, 0x00000000a4b00000|  0%| F|  |TAMS 0x00000000a4a00000| PB 0x00000000a4a00000| Untracked |  0
|   45|0x00000000a4b00000, 0x00000000a4b00000, 0x00000000a4c00000|  0%| F|  |TAMS 0x00000000a4b00000| PB 0x00000000a4b00000| Untracked |  0
|   46|0x00000000a4c00000, 0x00000000a4c00000, 0x00000000a4d00000|  0%| F|  |TAMS 0x00000000a4c00000| PB 0x00000000a4c00000| Untracked |  0
|   47|0x00000000a4d00000, 0x00000000a4d00000, 0x00000000a4e00000|  0%| F|  |TAMS 0x00000000a4d00000| PB 0x00000000a4d00000| Untracked |  0
|   48|0x00000000a4e00000, 0x00000000a4e00000, 0x00000000a4f00000|  0%| F|  |TAMS 0x00000000a4e00000| PB 0x00000000a4e00000| Untracked |  0
|   49|0x00000000a4f00000, 0x00000000a4f00000, 0x00000000a5000000|  0%| F|  |TAMS 0x00000000a4f00000| PB 0x00000000a4f00000| Untracked |  0
|   50|0x00000000a5000000, 0x00000000a5000000, 0x00000000a5100000|  0%| F|  |TAMS 0x00000000a5000000| PB 0x00000000a5000000| Untracked |  0
|   51|0x00000000a5100000, 0x00000000a5100000, 0x00000000a5200000|  0%| F|  |TAMS 0x00000000a5100000| PB 0x00000000a5100000| Untracked |  0
|   52|0x00000000a5200000, 0x00000000a5200000, 0x00000000a5300000|  0%| F|  |TAMS 0x00000000a5200000| PB 0x00000000a5200000| Untracked |  0
|   53|0x00000000a5300000, 0x00000000a5300000, 0x00000000a5400000|  0%| F|  |TAMS 0x00000000a5300000| PB 0x00000000a5300000| Untracked |  0
|   54|0x00000000a5400000, 0x00000000a5400000, 0x00000000a5500000|  0%| F|  |TAMS 0x00000000a5400000| PB 0x00000000a5400000| Untracked |  0
|   55|0x00000000a5500000, 0x00000000a5500000, 0x00000000a5600000|  0%| F|  |TAMS 0x00000000a5500000| PB 0x00000000a5500000| Untracked |  0
|   56|0x00000000a5600000, 0x00000000a5600000, 0x00000000a5700000|  0%| F|  |TAMS 0x00000000a5600000| PB 0x00000000a5600000| Untracked |  0
|   57|0x00000000a5700000, 0x00000000a5700000, 0x00000000a5800000|  0%| F|  |TAMS 0x00000000a5700000| PB 0x00000000a5700000| Untracked |  0
|   58|0x00000000a5800000, 0x00000000a5800000, 0x00000000a5900000|  0%| F|  |TAMS 0x00000000a5800000| PB 0x00000000a5800000| Untracked |  0
|   59|0x00000000a5900000, 0x00000000a5900000, 0x00000000a5a00000|  0%| F|  |TAMS 0x00000000a5900000| PB 0x00000000a5900000| Untracked |  0
|   60|0x00000000a5a00000, 0x00000000a5a00000, 0x00000000a5b00000|  0%| F|  |TAMS 0x00000000a5a00000| PB 0x00000000a5a00000| Untracked |  0
|   61|0x00000000a5b00000, 0x00000000a5b00000, 0x00000000a5c00000|  0%| F|  |TAMS 0x00000000a5b00000| PB 0x00000000a5b00000| Untracked |  0
|   62|0x00000000a5c00000, 0x00000000a5c00000, 0x00000000a5d00000|  0%| F|  |TAMS 0x00000000a5c00000| PB 0x00000000a5c00000| Untracked |  0
|   63|0x00000000a5d00000, 0x00000000a5d00000, 0x00000000a5e00000|  0%| F|  |TAMS 0x00000000a5d00000| PB 0x00000000a5d00000| Untracked |  0
|   64|0x00000000a5e00000, 0x00000000a5e00000, 0x00000000a5f00000|  0%| F|  |TAMS 0x00000000a5e00000| PB 0x00000000a5e00000| Untracked |  0
|   65|0x00000000a5f00000, 0x00000000a6000000, 0x00000000a6000000|100%| E|CS|TAMS 0x00000000a5f00000| PB 0x00000000a5f00000| Complete  |  1
|   66|0x00000000a6000000, 0x00000000a6100000, 0x00000000a6100000|100%| E|CS|TAMS 0x00000000a6000000| PB 0x00000000a6000000| Complete  |  0
|   67|0x00000000a6100000, 0x00000000a6200000, 0x00000000a6200000|100%| E|CS|TAMS 0x00000000a6100000| PB 0x00000000a6100000| Complete  |  0
|   68|0x00000000a6200000, 0x00000000a6300000, 0x00000000a6300000|100%| E|CS|TAMS 0x00000000a6200000| PB 0x00000000a6200000| Complete  |  0
|   69|0x00000000a6300000, 0x00000000a6400000, 0x00000000a6400000|100%| E|CS|TAMS 0x00000000a6300000| PB 0x00000000a6300000| Complete  |  0
|   70|0x00000000a6400000, 0x00000000a6500000, 0x00000000a6500000|100%| E|CS|TAMS 0x00000000a6400000| PB 0x00000000a6400000| Complete  |  0
|   71|0x00000000a6500000, 0x00000000a6600000, 0x00000000a6600000|100%| E|CS|TAMS 0x00000000a6500000| PB 0x00000000a6500000| Complete  |  0
|   72|0x00000000a6600000, 0x00000000a6700000, 0x00000000a6700000|100%| E|CS|TAMS 0x00000000a6600000| PB 0x00000000a6600000| Complete  |  0
|   73|0x00000000a6700000, 0x00000000a6800000, 0x00000000a6800000|100%| E|CS|TAMS 0x00000000a6700000| PB 0x00000000a6700000| Complete  |  0
|   74|0x00000000a6800000, 0x00000000a6900000, 0x00000000a6900000|100%| E|CS|TAMS 0x00000000a6800000| PB 0x00000000a6800000| Complete  |  0
|   75|0x00000000a6900000, 0x00000000a6a00000, 0x00000000a6a00000|100%| E|CS|TAMS 0x00000000a6900000| PB 0x00000000a6900000| Complete  |  0
|   76|0x00000000a6a00000, 0x00000000a6b00000, 0x00000000a6b00000|100%| E|CS|TAMS 0x00000000a6a00000| PB 0x00000000a6a00000| Complete  |  0
|   77|0x00000000a6b00000, 0x00000000a6c00000, 0x00000000a6c00000|100%| E|CS|TAMS 0x00000000a6b00000| PB 0x00000000a6b00000| Complete  |  0
|   78|0x00000000a6c00000, 0x00000000a6d00000, 0x00000000a6d00000|100%| E|CS|TAMS 0x00000000a6c00000| PB 0x00000000a6c00000| Complete  |  0
|   79|0x00000000a6d00000, 0x00000000a6e00000, 0x00000000a6e00000|100%| E|CS|TAMS 0x00000000a6d00000| PB 0x00000000a6d00000| Complete  |  0
|   80|0x00000000a6e00000, 0x00000000a6f00000, 0x00000000a6f00000|100%| E|CS|TAMS 0x00000000a6e00000| PB 0x00000000a6e00000| Complete  |  0
|   81|0x00000000a6f00000, 0x00000000a7000000, 0x00000000a7000000|100%| E|CS|TAMS 0x00000000a6f00000| PB 0x00000000a6f00000| Complete  |  0
|   82|0x00000000a7000000, 0x00000000a7100000, 0x00000000a7100000|100%| E|CS|TAMS 0x00000000a7000000| PB 0x00000000a7000000| Complete  |  0
|   83|0x00000000a7100000, 0x00000000a7200000, 0x00000000a7200000|100%| E|CS|TAMS 0x00000000a7100000| PB 0x00000000a7100000| Complete  |  0
|   84|0x00000000a7200000, 0x00000000a7300000, 0x00000000a7300000|100%| E|CS|TAMS 0x00000000a7200000| PB 0x00000000a7200000| Complete  |  0
|   85|0x00000000a7300000, 0x00000000a7400000, 0x00000000a7400000|100%| E|CS|TAMS 0x00000000a7300000| PB 0x00000000a7300000| Complete  |  0
|   86|0x00000000a7400000, 0x00000000a7500000, 0x00000000a7500000|100%| E|CS|TAMS 0x00000000a7400000| PB 0x00000000a7400000| Complete  |  0
|   87|0x00000000a7500000, 0x00000000a7600000, 0x00000000a7600000|100%| E|CS|TAMS 0x00000000a7500000| PB 0x00000000a7500000| Complete  |  0
|   88|0x00000000a7600000, 0x00000000a7700000, 0x00000000a7700000|100%| E|CS|TAMS 0x00000000a7600000| PB 0x00000000a7600000| Complete  |  0
|   89|0x00000000a7700000, 0x00000000a7800000, 0x00000000a7800000|100%| E|CS|TAMS 0x00000000a7700000| PB 0x00000000a7700000| Complete  |  0
|   90|0x00000000a7800000, 0x00000000a7900000, 0x00000000a7900000|100%| E|CS|TAMS 0x00000000a7800000| PB 0x00000000a7800000| Complete  |  0
|   91|0x00000000a7900000, 0x00000000a7a00000, 0x00000000a7a00000|100%| E|CS|TAMS 0x00000000a7900000| PB 0x00000000a7900000| Complete  |  0
|   92|0x00000000a7a00000, 0x00000000a7b00000, 0x00000000a7b00000|100%| E|CS|TAMS 0x00000000a7a00000| PB 0x00000000a7a00000| Complete  |  0
|   93|0x00000000a7b00000, 0x00000000a7c00000, 0x00000000a7c00000|100%| E|CS|TAMS 0x00000000a7b00000| PB 0x00000000a7b00000| Complete  |  0
|   94|0x00000000a7c00000, 0x00000000a7d00000, 0x00000000a7d00000|100%| E|CS|TAMS 0x00000000a7c00000| PB 0x00000000a7c00000| Complete  |  0
|   95|0x00000000a7d00000, 0x00000000a7e00000, 0x00000000a7e00000|100%| E|CS|TAMS 0x00000000a7d00000| PB 0x00000000a7d00000| Complete  |  0
|   96|0x00000000a7e00000, 0x00000000a7f00000, 0x00000000a7f00000|100%| E|CS|TAMS 0x00000000a7e00000| PB 0x00000000a7e00000| Complete  |  0
|   97|0x00000000a7f00000, 0x00000000a8000000, 0x00000000a8000000|100%| E|CS|TAMS 0x00000000a7f00000| PB 0x00000000a7f00000| Complete  |  0
|   98|0x00000000a8000000, 0x00000000a8100000, 0x00000000a8100000|100%| E|CS|TAMS 0x00000000a8000000| PB 0x00000000a8000000| Complete  |  0
|   99|0x00000000a8100000, 0x00000000a8200000, 0x00000000a8200000|100%| E|CS|TAMS 0x00000000a8100000| PB 0x00000000a8100000| Complete  |  0
|  100|0x00000000a8200000, 0x00000000a8300000, 0x00000000a8300000|100%| S|CS|TAMS 0x00000000a8200000| PB 0x00000000a8200000| Complete  |  0
|  101|0x00000000a8300000, 0x00000000a8400000, 0x00000000a8400000|100%| S|CS|TAMS 0x00000000a8300000| PB 0x00000000a8300000| Complete  |  0
|  102|0x00000000a8400000, 0x00000000a8500000, 0x00000000a8500000|100%| S|CS|TAMS 0x00000000a8400000| PB 0x00000000a8400000| Complete  |  0
| 1502|0x00000000ffc00000, 0x00000000ffd00000, 0x00000000ffd00000|100%| O|  |TAMS 0x00000000ffc00000| PB 0x00000000ffc00000| Untracked |  0
| 1503|0x00000000ffd00000, 0x00000000ffe00000, 0x00000000ffe00000|100%| O|  |TAMS 0x00000000ffd00000| PB 0x00000000ffd00000| Untracked |  0
| 1504|0x00000000ffe00000, 0x00000000fff00000, 0x00000000fff00000|100%| O|  |TAMS 0x00000000ffe00000| PB 0x00000000ffe00000| Untracked |  0
| 1505|0x00000000fff00000, 0x0000000100000000, 0x0000000100000000|100%| E|CS|TAMS 0x00000000fff00000| PB 0x00000000fff00000| Complete  |  0

Card table byte_map: [0x000001ca5f240000,0x000001ca5f540000] _byte_map_base: 0x000001ca5ed31000
Refinement table byte_map: [0x000001ca5f540000,0x000001ca5f840000] _byte_map_base: 0x000001ca5f031000

Marking Bits: (CMBitMap*) 0x000001ca535efee0
 Bits: [0x000001ca5f840000, 0x000001ca60fc8000)

Polling page: 0x000001ca51220000

Metaspace:
Metaspace        used 49354K, committed 49792K, reserved 1114112K
 class space     used 7280K, committed 7488K, reserved 1048576K

Usage:
  Non-class:     41.09 MB used.
      Class:      7.11 MB used.
       Both:     48.20 MB used.

Virtual space:
  Non-class space:       64.00 MB reserved,      41.31 MB ( 65%) committed,  1 nodes.
      Class space:        1.00 GB reserved,       7.31 MB ( <1%) committed,  1 nodes.
             Both:        1.06 GB reserved,      48.62 MB (  4%) committed. 

Chunk freelists:
   Non-Class:  6.48 MB
       Class:  8.67 MB
        Both:  15.16 MB

MaxMetaspaceSize: unlimited
CompressedClassSpaceSize: 1.00 GB
Initial GC threshold: 21.00 MB
Current GC threshold: 59.94 MB
CDS: on
 - commit_granule_bytes: 65536.
 - commit_granule_words: 8192.
 - virtual_space_node_default_size: 8388608.
 - enlarge_chunks_in_place: 1.
UseCompressedClassPointers 1, UseCompactObjectHeaders 0
Narrow klass pointer bits 32, Max shift 3
Narrow klass base: 0x000000003c000000, Narrow klass shift: 0
Encoding Range: [0x000000003c000000 - 0x000000013c000000), (4294967296 bytes)
Klass Range:    [0x000000003c000000 - 0x000000007d000000), (1090519040 bytes)
Klass ID Range:  [8 - 1090519033) (1090519025)
Protection zone: [0x000000003c000000 - 0x000000003c010000), (65536 bytes)


Internal statistics:

num_allocs_failed_limit: 12.
num_arena_births: 548.
num_arena_deaths: 0.
num_vsnodes_births: 2.
num_vsnodes_deaths: 0.
num_space_committed: 778.
num_space_uncommitted: 0.
num_chunks_returned_to_freelist: 12.
num_chunks_taken_from_freelist: 2194.
num_chunk_merges: 12.
num_chunk_splits: 1604.
num_chunks_enlarged: 1319.
num_inconsistent_stats: 0.

CodeCache: size=49152Kb used=6656Kb max_used=6656Kb free=42495Kb
 bounds [0x000001ca5c240000, 0x000001ca5c8d0000, 0x000001ca5f240000]
 total_blobs=5445, nmethods=4802, adapters=568, full_count=1
Compilation: disabled (not enough contiguous free space left), stopped_count=1, restarted_count=0

Compilation events (20 events):
Event: 8.209 Thread 0x000001ca630fb2e0 nmethod 4825 0x000001ca5c8bb288 code [0x000001ca5c8bb380, 0x000001ca5c8bb430]
Event: 8.209 Thread 0x000001ca630fb2e0 4826       1       sun.security.provider.DigestBase::engineGetDigestLength (5 bytes)
Event: 8.209 Thread 0x000001ca630fb2e0 nmethod 4826 0x000001ca5c8bb588 code [0x000001ca5c8bb680, 0x000001ca5c8bb738]
Event: 8.241 Thread 0x000001ca630fb2e0 4827       1       com.sun.crypto.provider.AES_Crypt::encryptBlock (10 bytes)
Event: 8.242 Thread 0x000001ca630fb2e0 nmethod 4827 0x000001ca5c8bbc88 code [0x000001ca5c8bbd80, 0x000001ca5c8bbe58]
Event: 8.242 Thread 0x000001ca630fb2e0 4828       1       com.sun.crypto.provider.AES_Crypt::implEncryptBlock (3688 bytes)
Event: 8.245 Thread 0x000001ca630fb2e0 nmethod 4828 0x000001ca5c8bbf88 code [0x000001ca5c8bc080, 0x000001ca5c8be910]
Event: 8.245 Thread 0x000001ca630fb2e0 4829       1       com.sun.crypto.provider.GHASH::processBlock (37 bytes)
Event: 8.245 Thread 0x000001ca630fb2e0 nmethod 4829 0x000001ca5c8be988 code [0x000001ca5c8bea80, 0x000001ca5c8becc0]
Event: 8.245 Thread 0x000001ca630fb2e0 4830       1       sun.nio.ch.Util::isBufferTooLarge (15 bytes)
Event: 8.246 Thread 0x000001ca630fb2e0 nmethod 4830 0x000001ca5c8bed08 code [0x000001ca5c8bee00, 0x000001ca5c8beeb8]
Event: 8.285 Thread 0x000001ca630fb2e0 4831       1       com.sun.crypto.provider.CounterMode::increment (28 bytes)
Event: 8.285 Thread 0x000001ca630fb2e0 nmethod 4831 0x000001ca5c8bf008 code [0x000001ca5c8bf100, 0x000001ca5c8bf1e8]
Event: 8.289 Thread 0x000001ca630fb2e0 4832       1       sun.security.ssl.InputRecord::isClosed (5 bytes)
Event: 8.290 Thread 0x000001ca630fb2e0 nmethod 4832 0x000001ca5c8bf788 code [0x000001ca5c8bf880, 0x000001ca5c8bf938]
Event: 8.290 Thread 0x000001ca630fb2e0 4833       1       com.mysql.cj.protocol.a.NativePacketPayload::getPosition (5 bytes)
Event: 8.290 Thread 0x000001ca630fb2e0 nmethod 4833 0x000001ca5c8bfa88 code [0x000001ca5c8bfb80, 0x000001ca5c8bfc38]
Event: 8.294 Thread 0x000001ca630fb2e0 4834       1       com.mysql.cj.protocol.a.NativePacketPayload::readInteger (662 bytes)
Event: 8.338 Thread 0x000001ca630fb2e0 

Event: 8.338 Thread 0x000001ca630fb2e0 


GC Heap Usage History (20 events):
Event: 1.241 {heap Before GC invocations=5 (full 0):
 garbage-first heap   total reserved 1542144K, committed 36864K, used 16862K [0x00000000a1e00000, 0x0000000100000000)
  region size 1M, 10 eden (10M), 1 survivor (1M), 7 old (7M), 1 humongous (1M), 17 free (17M)
}
Event: 1.244 {heap After GC invocations=6 (full 0):
 garbage-first heap   total reserved 1542144K, committed 36864K, used 8916K [0x00000000a1e00000, 0x0000000100000000)
  region size 1M, 0 eden (0M), 2 survivor (2M), 7 old (7M), 1 humongous (1M), 26 free (26M)
}
Event: 1.556 {heap Before GC invocations=6 (full 0):
 garbage-first heap   total reserved 1542144K, committed 36864K, used 18132K [0x00000000a1e00000, 0x0000000100000000)
  region size 1M, 9 eden (9M), 2 survivor (2M), 7 old (7M), 1 humongous (1M), 17 free (17M)
}
Event: 1.560 {heap After GC invocations=7 (full 0):
 garbage-first heap   total reserved 1542144K, committed 36864K, used 9945K [0x00000000a1e00000, 0x0000000100000000)
  region size 1M, 0 eden (0M), 2 survivor (2M), 8 old (8M), 1 humongous (1M), 25 free (25M)
}
Event: 1.837 {heap Before GC invocations=7 (full 0):
 garbage-first heap   total reserved 1542144K, committed 36864K, used 20185K [0x00000000a1e00000, 0x0000000100000000)
  region size 1M, 10 eden (10M), 2 survivor (2M), 8 old (8M), 1 humongous (1M), 15 free (15M)
}
Event: 1.840 {heap After GC invocations=8 (full 0):
 garbage-first heap   total reserved 1542144K, committed 36864K, used 10435K [0x00000000a1e00000, 0x0000000100000000)
  region size 1M, 0 eden (0M), 2 survivor (2M), 8 old (8M), 1 humongous (1M), 25 free (25M)
}
Event: 2.066 {heap Before GC invocations=8 (full 0):
 garbage-first heap   total reserved 1542144K, committed 36864K, used 21699K [0x00000000a1e00000, 0x0000000100000000)
  region size 1M, 11 eden (11M), 2 survivor (2M), 8 old (8M), 1 humongous (1M), 14 free (14M)
}
Event: 2.072 {heap After GC invocations=9 (full 0):
 garbage-first heap   total reserved 1542144K, committed 36864K, used 11731K [0x00000000a1e00000, 0x0000000100000000)
  region size 1M, 0 eden (0M), 2 survivor (2M), 9 old (9M), 1 humongous (1M), 24 free (24M)
}
Event: 2.322 {heap Before GC invocations=9 (full 0):
 garbage-first heap   total reserved 1542144K, committed 36864K, used 24019K [0x00000000a1e00000, 0x0000000100000000)
  region size 1M, 13 eden (13M), 2 survivor (2M), 9 old (9M), 1 humongous (1M), 11 free (11M)
}
Event: 2.328 {heap After GC invocations=10 (full 0):
 garbage-first heap   total reserved 1542144K, committed 36864K, used 12742K [0x00000000a1e00000, 0x0000000100000000)
  region size 1M, 0 eden (0M), 1 survivor (1M), 11 old (11M), 1 humongous (1M), 23 free (23M)
}
Event: 2.720 {heap Before GC invocations=10 (full 0):
 garbage-first heap   total reserved 1542144K, committed 36864K, used 26054K [0x00000000a1e00000, 0x0000000100000000)
  region size 1M, 14 eden (14M), 1 survivor (1M), 11 old (11M), 1 humongous (1M), 9 free (9M)
}
Event: 2.726 {heap After GC invocations=11 (full 0):
 garbage-first heap   total reserved 1542144K, committed 109568K, used 14200K [0x00000000a1e00000, 0x0000000100000000)
  region size 1M, 0 eden (0M), 2 survivor (2M), 11 old (11M), 1 humongous (1M), 93 free (93M)
}
Event: 3.403 {heap Before GC invocations=11 (full 0):
 garbage-first heap   total reserved 1542144K, committed 109568K, used 45944K [0x00000000a1e00000, 0x0000000100000000)
  region size 1M, 33 eden (33M), 2 survivor (2M), 11 old (11M), 1 humongous (1M), 60 free (60M)
}
Event: 3.414 {heap After GC invocations=12 (full 0):
 garbage-first heap   total reserved 1542144K, committed 109568K, used 17632K [0x00000000a1e00000, 0x0000000100000000)
  region size 1M, 0 eden (0M), 6 survivor (6M), 11 old (11M), 1 humongous (1M), 89 free (89M)
}
Event: 5.069 {heap Before GC invocations=13 (full 0):
 garbage-first heap   total reserved 1542144K, committed 109568K, used 77024K [0x00000000a1e00000, 0x0000000100000000)
  region size 1M, 58 eden (58M), 6 survivor (6M), 11 old (11M), 1 humongous (1M), 31 free (31M)
}
Event: 5.091 {heap After GC invocations=14 (full 0):
 garbage-first heap   total reserved 1542144K, committed 109568K, used 22335K [0x00000000a1e00000, 0x0000000100000000)
  region size 1M, 0 eden (0M), 8 survivor (8M), 13 old (13M), 1 humongous (1M), 85 free (85M)
}
Event: 6.275 {heap Before GC invocations=14 (full 0):
 garbage-first heap   total reserved 1542144K, committed 109568K, used 62271K [0x00000000a1e00000, 0x0000000100000000)
  region size 1M, 40 eden (40M), 8 survivor (8M), 13 old (13M), 1 humongous (1M), 45 free (45M)
}
Event: 6.295 {heap After GC invocations=15 (full 0):
 garbage-first heap   total reserved 1542144K, committed 109568K, used 25088K [0x00000000a1e00000, 0x0000000100000000)
  region size 1M, 0 eden (0M), 3 survivor (3M), 21 old (21M), 1 humongous (1M), 82 free (82M)
}
Event: 6.337 {heap Before GC invocations=15 (full 0):
 garbage-first heap   total reserved 1542144K, committed 109568K, used 25088K [0x00000000a1e00000, 0x0000000100000000)
  region size 1M, 1 eden (1M), 3 survivor (3M), 21 old (21M), 1 humongous (1M), 81 free (81M)
}
Event: 6.343 {heap After GC invocations=16 (full 0):
 garbage-first heap   total reserved 1542144K, committed 109568K, used 25088K [0x00000000a1e00000, 0x0000000100000000)
  region size 1M, 0 eden (0M), 3 survivor (3M), 21 old (21M), 1 humongous (1M), 82 free (82M)
}

Metaspace Usage History (20 events):
Event: 1.241 {metaspace Before GC invocations=5 (full 0):
 Metaspace       used 3885K, committed 4096K, reserved 1114112K
  class space    used 505K, committed 576K, reserved 1048576K
}
Event: 1.244 {metaspace After GC invocations=6 (full 0):
 Metaspace       used 3885K, committed 4096K, reserved 1114112K
  class space    used 505K, committed 576K, reserved 1048576K
}
Event: 1.556 {metaspace Before GC invocations=6 (full 0):
 Metaspace       used 6680K, committed 6848K, reserved 1114112K
  class space    used 886K, committed 960K, reserved 1048576K
}
Event: 1.560 {metaspace After GC invocations=7 (full 0):
 Metaspace       used 6680K, committed 6848K, reserved 1114112K
  class space    used 886K, committed 960K, reserved 1048576K
}
Event: 1.837 {metaspace Before GC invocations=7 (full 0):
 Metaspace       used 8211K, committed 8512K, reserved 1114112K
  class space    used 1185K, committed 1344K, reserved 1048576K
}
Event: 1.840 {metaspace After GC invocations=8 (full 0):
 Metaspace       used 8211K, committed 8512K, reserved 1114112K
  class space    used 1185K, committed 1344K, reserved 1048576K
}
Event: 2.066 {metaspace Before GC invocations=8 (full 0):
 Metaspace       used 11273K, committed 11520K, reserved 1114112K
  class space    used 1553K, committed 1664K, reserved 1048576K
}
Event: 2.072 {metaspace After GC invocations=9 (full 0):
 Metaspace       used 11273K, committed 11520K, reserved 1114112K
  class space    used 1553K, committed 1664K, reserved 1048576K
}
Event: 2.322 {metaspace Before GC invocations=9 (full 0):
 Metaspace       used 14901K, committed 15168K, reserved 1114112K
  class space    used 2037K, committed 2112K, reserved 1048576K
}
Event: 2.328 {metaspace After GC invocations=10 (full 0):
 Metaspace       used 14901K, committed 15168K, reserved 1114112K
  class space    used 2037K, committed 2112K, reserved 1048576K
}
Event: 2.720 {metaspace Before GC invocations=10 (full 0):
 Metaspace       used 18026K, committed 18368K, reserved 1114112K
  class space    used 2511K, committed 2688K, reserved 1048576K
}
Event: 2.726 {metaspace After GC invocations=11 (full 0):
 Metaspace       used 18026K, committed 18368K, reserved 1114112K
  class space    used 2511K, committed 2688K, reserved 1048576K
}
Event: 3.403 {metaspace Before GC invocations=11 (full 0):
 Metaspace       used 21254K, committed 21504K, reserved 1114112K
  class space    used 3023K, committed 3136K, reserved 1048576K
}
Event: 3.414 {metaspace After GC invocations=12 (full 0):
 Metaspace       used 21254K, committed 21504K, reserved 1114112K
  class space    used 3023K, committed 3136K, reserved 1048576K
}
Event: 5.069 {metaspace Before GC invocations=13 (full 0):
 Metaspace       used 28427K, committed 28736K, reserved 1114112K
  class space    used 4154K, committed 4288K, reserved 1048576K
}
Event: 5.091 {metaspace After GC invocations=14 (full 0):
 Metaspace       used 28427K, committed 28736K, reserved 1114112K
  class space    used 4154K, committed 4288K, reserved 1048576K
}
Event: 6.276 {metaspace Before GC invocations=14 (full 0):
 Metaspace       used 35500K, committed 35968K, reserved 1114112K
  class space    used 5154K, committed 5376K, reserved 1048576K
}
Event: 6.295 {metaspace After GC invocations=15 (full 0):
 Metaspace       used 35500K, committed 35968K, reserved 1114112K
  class space    used 5154K, committed 5376K, reserved 1048576K
}
Event: 6.337 {metaspace Before GC invocations=15 (full 0):
 Metaspace       used 35866K, committed 36288K, reserved 1114112K
  class space    used 5197K, committed 5376K, reserved 1048576K
}
Event: 6.343 {metaspace After GC invocations=16 (full 0):
 Metaspace       used 35866K, committed 36288K, reserved 1114112K
  class space    used 5197K, committed 5376K, reserved 1048576K
}

Dll operation events (18 events):
Event: 0.011 Attempting to load shared library C:\Program Files\Java\jdk-26.0.1\bin\java.dll
Event: 0.013 Loaded shared library C:\Program Files\Java\jdk-26.0.1\bin\java.dll
Event: 0.181 Attempting to load shared library C:\Program Files\Java\jdk-26.0.1\bin\net.dll
Event: 0.182 Loaded shared library C:\Program Files\Java\jdk-26.0.1\bin\net.dll
Event: 0.184 Attempting to load shared library C:\Program Files\Java\jdk-26.0.1\bin\nio.dll
Event: 0.185 Loaded shared library C:\Program Files\Java\jdk-26.0.1\bin\nio.dll
Event: 0.191 Attempting to load shared library C:\Program Files\Java\jdk-26.0.1\bin\zip.dll
Event: 0.191 Loaded shared library C:\Program Files\Java\jdk-26.0.1\bin\zip.dll
Event: 0.368 Attempting to load shared library C:\Program Files\Java\jdk-26.0.1\bin\jimage.dll
Event: 0.368 Loaded shared library C:\Program Files\Java\jdk-26.0.1\bin\jimage.dll
Event: 2.385 Attempting to load shared library C:\Program Files\Java\jdk-26.0.1\bin\sunmscapi.dll
Event: 2.389 Loaded shared library C:\Program Files\Java\jdk-26.0.1\bin\sunmscapi.dll
Event: 5.391 Attempting to load shared library C:\Program Files\Java\jdk-26.0.1\bin\management.dll
Event: 5.394 Loaded shared library C:\Program Files\Java\jdk-26.0.1\bin\management.dll
Event: 5.397 Attempting to load shared library C:\Program Files\Java\jdk-26.0.1\bin\management_ext.dll
Event: 5.401 Loaded shared library C:\Program Files\Java\jdk-26.0.1\bin\management_ext.dll
Event: 7.445 Attempting to load shared library C:\Program Files\Java\jdk-26.0.1\bin\extnet.dll
Event: 7.447 Loaded shared library C:\Program Files\Java\jdk-26.0.1\bin\extnet.dll

Deoptimization events (6 events):
Event: 5.929 Thread 0x000001ca637e9030 DEOPT PACKING pc=0x000001ca5c5bddd1 sp=0x00000069b2aff130
Event: 5.929 Thread 0x000001ca637e9030 DEOPT UNPACKING pc=0x000001ca5c291a02 sp=0x00000069b2afe588 mode 3
Event: 5.931 Thread 0x000001ca63b5ae60 DEOPT PACKING pc=0x000001ca5c5546d6 sp=0x00000069b29fed30
Event: 5.931 Thread 0x000001ca63b5ae60 DEOPT UNPACKING pc=0x000001ca5c291a02 sp=0x00000069b29fe1c0 mode 3
Event: 7.572 Thread 0x000001ca5126f970 DEOPT PACKING pc=0x000001ca5c5316cc sp=0x00000069b16fa1b0
Event: 7.572 Thread 0x000001ca5126f970 DEOPT UNPACKING pc=0x000001ca5c291a02 sp=0x00000069b16f96e0 mode 0

Classes loaded (20 events):
Event: 8.190 Loading class jdk/internal/event/TLSHandshakeEvent
Event: 8.190 Loading class jdk/internal/event/TLSHandshakeEvent done
Event: 8.194 Loading class java/security/DigestException
Event: 8.194 Loading class java/security/DigestException done
Event: 8.196 Loading class javax/security/sasl/SaslException
Event: 8.197 Loading class javax/security/sasl/SaslException done
Event: 8.197 Loading class javax/security/auth/callback/UnsupportedCallbackException
Event: 8.197 Loading class javax/security/auth/callback/UnsupportedCallbackException done
Event: 8.198 Loading class javax/security/auth/login/Configuration
Event: 8.198 Loading class javax/security/auth/login/Configuration done
Event: 8.199 Loading class javax/security/auth/callback/Callback
Event: 8.199 Loading class javax/security/auth/callback/Callback done
Event: 8.206 Loading class sun/security/ssl/PostHandshakeContext
Event: 8.206 Loading class sun/security/ssl/PostHandshakeContext done
Event: 8.207 Loading class sun/security/ssl/NewSessionTicket$T13NewSessionTicketMessage
Event: 8.207 Loading class sun/security/ssl/NewSessionTicket$NewSessionTicketMessage
Event: 8.207 Loading class sun/security/ssl/NewSessionTicket$NewSessionTicketMessage done
Event: 8.207 Loading class sun/security/ssl/NewSessionTicket$T13NewSessionTicketMessage done
Event: 8.207 Loading class sun/security/util/MemoryCache$QueueCacheEntry
Event: 8.208 Loading class sun/security/util/MemoryCache$QueueCacheEntry done

Classes unloaded (0 events):
No events

Classes redefined (0 events):
No events

Internal exceptions (20 events):
Event: 5.100 Thread 0x000001ca5126f970 Exception <a 'java/lang/NoSuchMethodError'{0x00000000fffc9b28}: 'void java.lang.invoke.DirectMethodHandle$Holder.invokeStatic(java.lang.Object, java.lang.Object, java.lang.Object, int, java.lang.Object)'> (0x00000000fffc9b28) 
thrown [s\open\src\hotspot\share\interpreter\linkResolver.cpp, line 804]
Event: 5.108 Thread 0x000001ca5126f970 Exception <a 'java/lang/NoSuchMethodError'{0x00000000a84b23a8}: 'void java.lang.invoke.DirectMethodHandle$Holder.invokeStatic(java.lang.Object, int, java.lang.Object)'> (0x00000000a84b23a8) 
thrown [s\open\src\hotspot\share\interpreter\linkResolver.cpp, line 804]
Event: 5.145 Thread 0x000001ca5126f970 Exception <a 'java/lang/NoSuchMethodError'{0x00000000a815a1f0}: 'java.lang.Object java.lang.invoke.DirectMethodHandle$Holder.invokeVirtual(java.lang.Object, java.lang.Object, java.lang.Object, java.lang.Object, java.lang.Object)'> (0x00000000a815a1f0) 
thrown [s\open\src\hotspot\share\interpreter\linkResolver.cpp, line 804]
Event: 5.216 Thread 0x000001ca5126f970 Exception <a 'java/lang/NoSuchMethodError'{0x00000000a7f31a38}: 'java.lang.Object java.lang.invoke.DirectMethodHandle$Holder.invokeStaticInit(java.lang.Object, java.lang.Object, int, int, int, int)'> (0x00000000a7f31a38) 
thrown [s\open\src\hotspot\share\interpreter\linkResolver.cpp, line 804]
Event: 5.357 Thread 0x000001ca5126f970 Exception <a 'java/lang/NoSuchMethodError'{0x00000000a7ce9a48}: 'int java.lang.invoke.DirectMethodHandle$Holder.invokeVirtual(java.lang.Object, java.lang.Object, java.lang.Object, java.lang.Object)'> (0x00000000a7ce9a48) 
thrown [s\open\src\hotspot\share\interpreter\linkResolver.cpp, line 804]
Event: 5.429 Thread 0x000001ca5126f970 Exception <a 'java/io/FileNotFoundException'{0x00000000a7a12900}> (0x00000000a7a12900) 
thrown [s\open\src\hotspot\share\prims\jni.cpp, line 514]
Event: 5.502 Thread 0x000001ca5126f970 Exception <a 'java/lang/NoSuchMethodError'{0x00000000a7823a08}: 'int java.lang.invoke.DirectMethodHandle$Holder.invokeInterface(java.lang.Object, java.lang.Object, java.lang.Object, java.lang.Object)'> (0x00000000a7823a08) 
thrown [s\open\src\hotspot\share\interpreter\linkResolver.cpp, line 804]
Event: 5.579 Thread 0x000001ca5126f970 Exception <a 'java/lang/NoSuchMethodError'{0x00000000a76f2580}: 'java.lang.Object java.lang.invoke.DirectMethodHandle$Holder.invokeStaticInit(java.lang.Object, java.lang.Object, java.lang.Object, java.lang.Object)'> (0x00000000a76f2580) 
thrown [s\open\src\hotspot\share\interpreter\linkResolver.cpp, line 804]
Event: 5.581 Thread 0x000001ca5126f970 Exception <a 'java/lang/IncompatibleClassChangeError'{0x00000000a750a408}: Found class java.lang.Object, but interface was expected> (0x00000000a750a408) 
thrown [s\open\src\hotspot\share\interpreter\linkResolver.cpp, line 871]
Event: 5.582 Thread 0x000001ca5126f970 Exception <a 'java/lang/IncompatibleClassChangeError'{0x00000000a751eca0}: Found class java.lang.Object, but interface was expected> (0x00000000a751eca0) 
thrown [s\open\src\hotspot\share\interpreter\linkResolver.cpp, line 871]
Event: 5.586 Thread 0x000001ca5126f970 Exception <a 'java/lang/IncompatibleClassChangeError'{0x00000000a75776b0}: Found class java.lang.Object, but interface was expected> (0x00000000a75776b0) 
thrown [s\open\src\hotspot\share\interpreter\linkResolver.cpp, line 871]
Event: 5.773 Thread 0x000001ca5126f970 Exception <a 'java/lang/NoSuchMethodError'{0x00000000a6f11778}: 'long java.lang.invoke.DirectMethodHandle$Holder.invokeVirtual(java.lang.Object, java.lang.Object)'> (0x00000000a6f11778) 
thrown [s\open\src\hotspot\share\interpreter\linkResolver.cpp, line 804]
Event: 5.814 Thread 0x000001ca5126f970 Exception <a 'java/lang/NoSuchMethodError'{0x00000000a6e60d40}: 'void java.lang.invoke.DirectMethodHandle$Holder.invokeVirtual(java.lang.Object, java.lang.Object, long)'> (0x00000000a6e60d40) 
thrown [s\open\src\hotspot\share\interpreter\linkResolver.cpp, line 804]
Event: 5.940 Thread 0x000001ca5126f970 Exception <a 'java/lang/NoSuchMethodError'{0x00000000a6937948}: 'java.lang.Object java.lang.invoke.DirectMethodHandle$Holder.newInvokeSpecial(java.lang.Object, java.lang.Object, java.lang.Object, java.lang.Object, java.lang.Object, java.lang.Object, java.lang.Object, java.lang.Object, java.lang.Object, java.lang.Object, java.lang.Object)'> (0x00000000a6937948) 
thrown [s\open\src\hotspot\share\interpreter\linkResolver.cpp, line 804]
Event: 6.072 Thread 0x000001ca5126f970 Exception <a 'java/lang/NoSuchMethodError'{0x00000000a646d3f8}: 'void java.lang.invoke.DelegatingMethodHandle$Holder.reinvoke_L(java.lang.Object, java.lang.Object, java.lang.Object, java.lang.Object, int, java.lang.Object, java.lang.Object, java.lang.Object)'> (0x00000000a646d3f8) 
thrown [s\open\src\hotspot\share\interpreter\linkResolver.cpp, line 804]
Event: 6.074 Thread 0x000001ca5126f970 Exception <a 'java/lang/NoSuchMethodError'{0x00000000a64c1d50}: 'java.lang.Object java.lang.invoke.DirectMethodHandle$Holder.invokeStatic(java.lang.Object, java.lang.Object, java.lang.Object, java.lang.Object, java.lang.Object, java.lang.Object, java.lang.Object, java.lang.Object, java.lang.Object, java.lang.Object)'> (0x00000000a64c1d50) 
thrown [s\open\src\hotspot\share\interpreter\linkResolver.cpp, line 804]
Event: 6.842 Thread 0x000001ca5126f970 Exception <a 'java/lang/IncompatibleClassChangeError'{0x00000000a77851b8}: Found class java.lang.Object, but interface was expected> (0x00000000a77851b8) 
thrown [s\open\src\hotspot\share\interpreter\linkResolver.cpp, line 871]
Event: 7.580 Thread 0x000001ca5126f970 Exception <a 'sun/nio/fs/WindowsException'{0x00000000a6221598}> (0x00000000a6221598) 
thrown [s\open\src\hotspot\share\prims\jni.cpp, line 514]
Event: 7.711 Thread 0x000001ca5126f970 Exception <a 'java/lang/NoSuchMethodError'{0x00000000a611cb80}: 'java.lang.Object java.lang.invoke.DirectMethodHandle$Holder.invokeStaticInit(java.lang.Object, int)'> (0x00000000a611cb80) 
thrown [s\open\src\hotspot\share\interpreter\linkResolver.cpp, line 804]
Event: 8.096 Thread 0x000001ca5126f970 Exception <a 'java/lang/NoSuchMethodError'{0x00000000a61ba590}: 'java.lang.Object java.lang.invoke.Invokers$Holder.invoke_MT(java.lang.Object, java.lang.Object, java.lang.Object, java.lang.Object, java.lang.Object, java.lang.Object)'> (0x00000000a61ba590) 
thrown [s\open\src\hotspot\share\interpreter\linkResolver.cpp, line 804]

VM Operations (20 events):
Event: 6.275 Executing safepoint VM operation: CollectForMetadataAllocation (Metadata GC Threshold)
Event: 6.295 Executing safepoint VM operation: CollectForMetadataAllocation (Metadata GC Threshold) done
Event: 6.337 Executing safepoint VM operation: CollectForMetadataAllocation (Metadata GC Threshold)
Event: 6.343 Executing safepoint VM operation: CollectForMetadataAllocation (Metadata GC Threshold) done
Event: 6.374 Executing safepoint VM operation: CollectForMetadataAllocation (Metadata GC Threshold)
Event: 6.374 Executing safepoint VM operation: CollectForMetadataAllocation (Metadata GC Threshold) done
Event: 6.386 Executing safepoint VM operation: G1PauseRemark
Event: 6.390 Executing safepoint VM operation: G1PauseRemark done
Event: 6.404 Executing safepoint VM operation: G1PauseCleanup
Event: 6.404 Executing safepoint VM operation: G1PauseCleanup done
Event: 7.561 Executing non-safepoint VM operation: HandshakeAllThreads (Deoptimize)
Event: 7.561 Executing non-safepoint VM operation: HandshakeAllThreads (Deoptimize) done
Event: 7.571 Executing non-safepoint VM operation: HandshakeAllThreads (Deoptimize)
Event: 7.571 Executing non-safepoint VM operation: HandshakeAllThreads (Deoptimize) done
Event: 7.582 Executing non-safepoint VM operation: HandshakeAllThreads (Deoptimize)
Event: 7.582 Executing non-safepoint VM operation: HandshakeAllThreads (Deoptimize) done
Event: 7.590 Executing non-safepoint VM operation: HandshakeAllThreads (Deoptimize)
Event: 7.590 Executing non-safepoint VM operation: HandshakeAllThreads (Deoptimize) done
Event: 8.148 Executing non-safepoint VM operation: HandshakeAllThreads (Deoptimize)
Event: 8.148 Executing non-safepoint VM operation: HandshakeAllThreads (Deoptimize) done

Memory protections (0 events):
No events

Nmethod flushes (20 events):
Event: 6.389 Thread 0x000001ca536270d0 flushing  nmethod 0x000001ca5c433688
Event: 6.389 Thread 0x000001ca536270d0 flushing  nmethod 0x000001ca5c451508
Event: 6.389 Thread 0x000001ca536270d0 flushing  nmethod 0x000001ca5c460308
Event: 6.389 Thread 0x000001ca536270d0 flushing  nmethod 0x000001ca5c4b2508
Event: 6.389 Thread 0x000001ca536270d0 flushing  nmethod 0x000001ca5c4c2d88
Event: 6.389 Thread 0x000001ca536270d0 flushing  nmethod 0x000001ca5c4dbf08
Event: 6.389 Thread 0x000001ca536270d0 flushing  nmethod 0x000001ca5c4f3d88
Event: 6.389 Thread 0x000001ca536270d0 flushing  nmethod 0x000001ca5c55b808
Event: 6.389 Thread 0x000001ca536270d0 flushing  nmethod 0x000001ca5c67ed08
Event: 6.389 Thread 0x000001ca536270d0 flushing  nmethod 0x000001ca5c3a5408
Event: 6.389 Thread 0x000001ca536270d0 flushing  nmethod 0x000001ca5c3bcb08
Event: 6.389 Thread 0x000001ca536270d0 flushing  nmethod 0x000001ca5c3e1e88
Event: 6.389 Thread 0x000001ca536270d0 flushing  nmethod 0x000001ca5c3e2a08
Event: 6.389 Thread 0x000001ca536270d0 flushing  nmethod 0x000001ca5c3e4008
Event: 6.389 Thread 0x000001ca536270d0 flushing  nmethod 0x000001ca5c425b08
Event: 6.389 Thread 0x000001ca536270d0 flushing  nmethod 0x000001ca5c449388
Event: 6.389 Thread 0x000001ca536270d0 flushing  nmethod 0x000001ca5c4a9888
Event: 6.389 Thread 0x000001ca536270d0 flushing  nmethod 0x000001ca5c4b8e88
Event: 6.389 Thread 0x000001ca536270d0 flushing  nmethod 0x000001ca5c4e9d08
Event: 6.389 Thread 0x000001ca536270d0 flushing  nmethod 0x000001ca5c64ab08

Events (18 events):
Event: 0.031 Thread 0x000001ca5126f970 Thread added: 0x000001ca5126f970
Event: 0.050 Thread 0x000001ca5126f970 Thread added: 0x000001ca630f3f30
Event: 0.050 Thread 0x000001ca5126f970 Thread added: 0x000001ca630f4980
Event: 0.051 Thread 0x000001ca5126f970 Thread added: 0x000001ca630f6400
Event: 0.051 Thread 0x000001ca5126f970 Thread added: 0x000001ca630f6bb0
Event: 0.051 Thread 0x000001ca5126f970 Thread added: 0x000001ca630f9370
Event: 0.051 Thread 0x000001ca5126f970 Thread added: 0x000001ca630fab30
Event: 0.051 Thread 0x000001ca5126f970 Thread added: 0x000001ca630fb2e0
Event: 0.167 Thread 0x000001ca5126f970 Thread added: 0x000001ca6318b270
Event: 0.173 Thread 0x000001ca5126f970 Thread added: 0x000001ca63191a40
Event: 1.857 Thread 0x000001ca5126f970 Thread added: 0x000001ca6812b5d0
Event: 2.757 Thread 0x000001ca5126f970 Thread added: 0x000001ca685aefc0
Event: 2.805 Thread 0x000001ca685aefc0 Thread exited: 0x000001ca685aefc0
Event: 2.931 Thread 0x000001ca6812b5d0 Thread exited: 0x000001ca6812b5d0
Event: 5.789 Thread 0x000001ca5126f970 Thread added: 0x000001ca63b5ae60
Event: 5.790 Thread 0x000001ca5126f970 Thread added: 0x000001ca637e9030
Event: 5.796 Thread 0x000001ca5126f970 Thread added: 0x000001ca637e97e0
Event: 5.883 Thread 0x000001ca5126f970 Thread added: 0x000001ca63962fb0


Dynamic libraries:
0x00007ff7fb810000 - 0x00007ff7fb820000 	C:\Program Files\Java\jdk-26.0.1\bin\java.exe
0x00007ffe620c0000 - 0x00007ffe62327000 	C:\WINDOWS\SYSTEM32\ntdll.dll
0x00007ffe60a70000 - 0x00007ffe60b3b000 	C:\WINDOWS\System32\KERNEL32.DLL
0x00007ffe5f9d0000 - 0x00007ffe5fdd2000 	C:\WINDOWS\System32\KERNELBASE.dll
0x00007ffe5f480000 - 0x00007ffe5f5cc000 	C:\WINDOWS\System32\ucrtbase.dll
0x00007ffe039e0000 - 0x00007ffe039f7000 	C:\Program Files\Java\jdk-26.0.1\bin\jli.dll
0x00007ffe60d50000 - 0x00007ffe60f1f000 	C:\WINDOWS\System32\USER32.dll
0x00007ffe5f2c0000 - 0x00007ffe5f2e7000 	C:\WINDOWS\System32\win32u.dll
0x00007ffe5fff0000 - 0x00007ffe6001b000 	C:\WINDOWS\System32\GDI32.dll
0x00007ffe5f750000 - 0x00007ffe5f879000 	C:\WINDOWS\System32\gdi32full.dll
0x00007ffe5f5e0000 - 0x00007ffe5f683000 	C:\WINDOWS\System32\msvcp_win.dll
0x00007ffe4ec80000 - 0x00007ffe4ec9e000 	C:\Program Files\Java\jdk-26.0.1\bin\VCRUNTIME140.dll
0x00007ffe50190000 - 0x00007ffe50420000 	C:\WINDOWS\WinSxS\amd64_microsoft.windows.common-controls_6595b64144ccf1df_6.0.26100.9278_none_3e0d1ba8e3303201\COMCTL32.dll
0x00007ffe609a0000 - 0x00007ffe60a49000 	C:\WINDOWS\System32\msvcrt.dll
0x00007ffe61cf0000 - 0x00007ffe61d21000 	C:\WINDOWS\System32\IMM32.DLL
0x00007ffe53eb0000 - 0x00007ffe53ebc000 	C:\Program Files\Java\jdk-26.0.1\bin\vcruntime140_1.dll
0x00007ffdff8c0000 - 0x00007ffdff94d000 	C:\Program Files\Java\jdk-26.0.1\bin\msvcp140.dll
0x00007ffdeae30000 - 0x00007ffdebcfe000 	C:\Program Files\Java\jdk-26.0.1\bin\server\jvm.dll
0x00007ffe61fb0000 - 0x00007ffe6206c000 	C:\WINDOWS\System32\ADVAPI32.dll
0x00007ffe60380000 - 0x00007ffe60429000 	C:\WINDOWS\System32\sechost.dll
0x00007ffe61e90000 - 0x00007ffe61fa8000 	C:\WINDOWS\System32\RPCRT4.dll
0x00007ffe61b60000 - 0x00007ffe61be0000 	C:\WINDOWS\System32\WS2_32.dll
0x00007ffe5f140000 - 0x00007ffe5f19e000 	C:\WINDOWS\SYSTEM32\POWRPROF.dll
0x00007ffe58380000 - 0x00007ffe583b6000 	C:\WINDOWS\SYSTEM32\WINMM.dll
0x00007ffe583c0000 - 0x00007ffe583cb000 	C:\WINDOWS\SYSTEM32\VERSION.dll
0x00007ffe5f120000 - 0x00007ffe5f135000 	C:\WINDOWS\SYSTEM32\UMPDC.dll
0x00007ffe5df90000 - 0x00007ffe5dfab000 	C:\WINDOWS\SYSTEM32\kernel.appcore.dll
0x00007ffe4e380000 - 0x00007ffe4e38a000 	C:\Program Files\Java\jdk-26.0.1\bin\jimage.dll
0x00007ffe51610000 - 0x00007ffe5185c000 	C:\WINDOWS\SYSTEM32\DBGHELP.DLL
0x00007ffe60430000 - 0x00007ffe607b5000 	C:\WINDOWS\System32\combase.dll
0x00007ffe5fde0000 - 0x00007ffe5feb9000 	C:\WINDOWS\System32\OLEAUT32.dll
0x00007ffe467a0000 - 0x00007ffe467db000 	C:\WINDOWS\SYSTEM32\dbgcore.DLL
0x00007ffe5f880000 - 0x00007ffe5f92c000 	C:\WINDOWS\System32\bcryptPrimitives.dll
0x00007ffe4e390000 - 0x00007ffe4e3af000 	C:\Program Files\Java\jdk-26.0.1\bin\java.dll
0x00007ffe601e0000 - 0x00007ffe6037a000 	C:\WINDOWS\System32\ole32.dll
0x00007ffe613c0000 - 0x00007ffe61b58000 	C:\WINDOWS\System32\SHELL32.dll
0x00007ffe5cd60000 - 0x00007ffe5d60e000 	C:\WINDOWS\SYSTEM32\windows.storage.dll
0x00007ffe60b40000 - 0x00007ffe60c3b000 	C:\WINDOWS\System32\SHCORE.dll
0x00007ffe60c40000 - 0x00007ffe60ca6000 	C:\WINDOWS\System32\shlwapi.dll
0x00007ffe5f1e0000 - 0x00007ffe5f209000 	C:\WINDOWS\SYSTEM32\profapi.dll
0x00007ffe4bc90000 - 0x00007ffe4bca2000 	C:\Program Files\Java\jdk-26.0.1\bin\net.dll
0x00007ffe5e550000 - 0x00007ffe5e5bc000 	C:\WINDOWS\system32\mswsock.dll
0x00007ffe36640000 - 0x00007ffe36656000 	C:\Program Files\Java\jdk-26.0.1\bin\nio.dll
0x00007ffe0a5f0000 - 0x00007ffe0a607000 	C:\Program Files\Java\jdk-26.0.1\bin\zip.dll
0x00007ffe5c140000 - 0x00007ffe5c14e000 	C:\Program Files\Java\jdk-26.0.1\bin\sunmscapi.dll
0x00007ffe5f2f0000 - 0x00007ffe5f46e000 	C:\WINDOWS\System32\CRYPT32.dll
0x00007ffe5ea80000 - 0x00007ffe5eab0000 	C:\WINDOWS\SYSTEM32\ncrypt.dll
0x00007ffe5ea30000 - 0x00007ffe5ea6f000 	C:\WINDOWS\SYSTEM32\NTASN1.dll
0x00007ffe5e840000 - 0x00007ffe5e85b000 	C:\WINDOWS\SYSTEM32\CRYPTSP.dll
0x00007ffe5def0000 - 0x00007ffe5df29000 	C:\WINDOWS\system32\rsaenh.dll
0x00007ffe5e600000 - 0x00007ffe5e634000 	C:\WINDOWS\SYSTEM32\USERENV.dll
0x00007ffe5f1b0000 - 0x00007ffe5f1da000 	C:\WINDOWS\SYSTEM32\bcrypt.dll
0x00007ffe5e860000 - 0x00007ffe5e86c000 	C:\WINDOWS\SYSTEM32\CRYPTBASE.dll
0x00007ffe5da10000 - 0x00007ffe5da43000 	C:\WINDOWS\SYSTEM32\IPHLPAPI.DLL
0x00007ffe600e0000 - 0x00007ffe600ea000 	C:\WINDOWS\System32\NSI.dll
0x00007ffe53ec0000 - 0x00007ffe53eca000 	C:\Program Files\Java\jdk-26.0.1\bin\management.dll
0x00007ffe539f0000 - 0x00007ffe539fc000 	C:\Program Files\Java\jdk-26.0.1\bin\management_ext.dll
0x00007ffe60cb0000 - 0x00007ffe60cb8000 	C:\WINDOWS\System32\PSAPI.DLL
0x00007ffe5da50000 - 0x00007ffe5dba8000 	C:\WINDOWS\SYSTEM32\DNSAPI.dll
0x00007ffe5e330000 - 0x00007ffe5e33d000 	C:\WINDOWS\SYSTEM32\DSPARSE.dll
0x00007ffe51460000 - 0x00007ffe5146b000 	C:\Windows\System32\rasadhlp.dll
0x00007ffe4dda0000 - 0x00007ffe4de26000 	C:\WINDOWS\System32\fwpuclnt.dll
0x00007ffe3a400000 - 0x00007ffe3a409000 	C:\Program Files\Java\jdk-26.0.1\bin\extnet.dll

JVMTI agents: none

dbghelp: loaded successfully - version: 4.0.5 - missing functions: none
symbol engine: initialized successfully - sym options: 0x614 - pdb path: .;C:\Program Files\Java\jdk-26.0.1\bin;C:\WINDOWS\SYSTEM32;C:\WINDOWS\WinSxS\amd64_microsoft.windows.common-controls_6595b64144ccf1df_6.0.26100.9278_none_3e0d1ba8e3303201;C:\Program Files\Java\jdk-26.0.1\bin\server

VM Arguments:
jvm_args: -XX:TieredStopAtLevel=1 
java_command: com.plateform.multiplayer_platform.MultiplayerPlatformApplication
java_class_path (initial): C:\Users\Jimi\Desktop\1 vs 1 plateform\multiplayer_platform\target\classes;C:\Users\Jimi\.m2\repository\ch\qos\logback\logback-classic\1.5.38\logback-classic-1.5.38.jar;C:\Users\Jimi\.m2\repository\ch\qos\logback\logback-core\1.5.38\logback-core-1.5.38.jar;C:\Users\Jimi\.m2\repository\org\apache\logging\log4j\log4j-to-slf4j\2.25.5\log4j-to-slf4j-2.25.5.jar;C:\Users\Jimi\.m2\repository\org\apache\logging\log4j\log4j-api\2.25.5\log4j-api-2.25.5.jar;C:\Users\Jimi\.m2\repository\org\slf4j\jul-to-slf4j\2.0.18\jul-to-slf4j-2.0.18.jar;C:\Users\Jimi\.m2\repository\org\springframework\boot\spring-boot-autoconfigure\4.1.1\spring-boot-autoconfigure-4.1.1.jar;C:\Users\Jimi\.m2\repository\jakarta\annotation\jakarta.annotation-api\3.0.0\jakarta.annotation-api-3.0.0.jar;C:\Users\Jimi\.m2\repository\org\yaml\snakeyaml\2.6\snakeyaml-2.6.jar;C:\Users\Jimi\.m2\repository\org\springframework\boot\spring-boot-micrometer-metrics\4.1.1\spring-boot-micrometer-metrics-4.1.1.jar;C:\Users\Jimi\.m2\repository\org\springframework\boot\spring-boot-micrometer-observation\4.1.1\spring-boot-micrometer-observation-4.1.1.jar;C:\Users\Jimi\.m2\repository\org\springframework\boot\spring-boot-actuator-autoconfigure\4.1.1\spring-boot-actuator-autoconfigure-4.1.1.jar;C:\Users\Jimi\.m2\repository\org\springframework\boot\spring-boot-actuator\4.1.1\spring-boot-actuator-4.1.1.jar;C:\Users\Jimi\.m2\repository\org\springframework\boot\spring-boot-health\4.1.1\spring-boot-health-4.1.1.jar;C:\Users\Jimi\.m2\repository\org\springframework\boot\spring-boot\4.1.1\spring-boot-4.1.1.jar;C:\Users\Jimi\.m2\repository\org\springframework\spring-context\7.0.9\spring-context-7.0.9.jar;C:\Users\Jimi\.m2\repository\io\micrometer\micrometer-observation\1.17.1\micrometer-observation-1.17.1.jar;C:\Users\Jimi\.m2\repository\org\jspecify\jspecify\1.0.1\jspecify-1.0.1.jar;C:\Users\Jimi\.m2\repository\io\micrometer\micrometer-commons\1.17.1\micrometer-commons-1.17.1.jar;C:\Users\Jimi\.m2\repository\io\micrometer\micrometer-jakarta9\1.17.1\micrometer-jakarta9-1.17.1.jar;C:\Users\Jimi\.m2\repository\io\micrometer\micrometer-core\1.17.1\micrometer-core-1.17.1.jar;C:\Users\Jimi\.m2\repository\org\hdrhistogram\HdrHistogram\2.2.2\HdrHistogram-2.2.2.jar;C:\Users\Jimi\.m2\repository\com\zaxxer\HikariCP\7.0.2\HikariCP-7.0.2.jar;C:\Users\Jimi\.m2\repository\org\slf4j\slf4j-api\2.0.18\slf4j-api-2.0.18.jar;C:\Users\Jimi\.m2\repository\org\springframework\boot\spring-boot-data-jpa\4.1.1\spring-boot-data-jpa-4.1.1.jar;C:\Users\Jimi\.m2\repository\org\springframework\boot\spring-boot-data-commons\4.1.1\spring-boot-data-commons-4.1.1.jar;C:\Users\Jimi\.m2\repository\org\springframework\boot\spring-boot-persistence\4.1.1\spring-boot-persistence-4.1.1.jar;C:\Users\Jimi\.m2\repository\org\springframework\data\spring-data-commons\4.1.1\spring-data-commons-4.1.1.jar;C:\Users\Jimi\.m2\repository\org\springframework\boot\spring-boot-hibernate\4.1.1\spring-boot-hibernate-4.1.1.jar;C:\Users\Jimi\.m2\repository\org\springframework\boot\spring-boot-jpa\4.1.1\spring-boot-jpa-4.1.1.jar;C:\Users\Jimi\.m2\repository\jakarta\persistence\jakarta.persistence-api\3.2.0\jakarta.persistence-api-3.2.0.jar;C:\Users\Jimi\.m2\repository\org\hibernate\orm\hibernate-core\7.4.5.Final\hibernate-core-7.4.5.Final.jar;C:\Users\Jimi\.m2\repository\jakarta\transaction\jakarta.transaction-api\2.0.1\jakarta.transaction-api-2.0.1.jar;C:\Users\Jimi\.m2\repository\org\hibernate\models\hibernate-models\1.1.1\hibernate-models-1.1.1.jar;C:\Users\Jimi\.m2\repository\org\glassfish\jaxb\jaxb-runtime\4.0.9\jaxb-runtime-4.0.9.jar;C:\Users\Jimi\.m2\repository\org\glassfish\jaxb\jaxb-core\4.0.9\jaxb-core-4.0.9.jar;C:\Users\Jimi\.m2\repository\org\eclipse\angus\angus-activation\2.0.3\angus-activation-2.0.3.jar;C:\Users\Jimi\.m2\repository\org\glassfish\jaxb\txw2\4.0.9\txw2-4.0.9.jar;C:\Users\Jimi\.m2\repository\com\sun\istack\istack-commons-runtime\4.1.2\istack-commons-runtime-4.1.2.jar;C:\Users\Jimi\.m2\repository\jakarta\inject\jakarta.inject-api\2.0.1\jakarta.inject-api-2.0.1.jar;C:\Users\Jimi\.m2\repository\org\springframework\spring-orm\7.0.9\spring-orm-7.0.9.jar;C:\Users\Jimi\.m2\repository\org\springframework\data\spring-data-jpa\4.1.1\spring-data-jpa-4.1.1.jar;C:\Users\Jimi\.m2\repository\org\springframework\spring-tx\7.0.9\spring-tx-7.0.9.jar;C:\Users\Jimi\.m2\repository\org\antlr\antlr4-runtime\4.13.2\antlr4-runtime-4.13.2.jar;C:\Users\Jimi\.m2\repository\org\springframework\spring-aspects\7.0.9\spring-aspects-7.0.9.jar;C:\Users\Jimi\.m2\repository\org\aspectj\aspectjweaver\1.9.25.1\aspectjweaver-1.9.25.1.jar;C:\Users\Jimi\.m2\repository\org\springframework\boot\spring-boot-jdbc\4.1.1\spring-boot-jdbc-4.1.1.jar;C:\Users\Jimi\.m2\repository\org\springframework\boot\spring-boot-sql\4.1.1\spring-boot-sql-4.1.1.jar;C:\Users\Jimi\.m2\repository\org\springframework\boot\spring-boot-transaction\4.1.1\spring-boot-transaction-4.1.1.jar;C:\Users\Jimi\.m2\repository\org\springframework\spring-jdbc\7.0.9\spring-jdbc-7.0.9.jar;C:\Users\Jimi\.m2\repository\org\springframework\boot\spring-boot-jackson\4.1.1\spring-boot-jackson-4.1.1.jar;C:\Users\Jimi\.m2\repository\tools\jackson\core\jackson-databind\3.1.5\jackson-databind-3.1.5.jar;C:\Users\Jimi\.m2\repository\tools\jackson\core\jackson-core\3.1.5\jackson-core-3.1.5.jar;C:\Users\Jimi\.m2\repository\org\apache\tomcat\embed\tomcat-embed-core\11.0.24\tomcat-embed-core-11.0.24.jar;C:\Users\Jimi\.m2\repository\org\apache\tomcat\embed\tomcat-embed-websocket\11.0.24\tomcat-embed-websocket-11.0.24.jar;C:\Users\Jimi\.m2\repository\org\springframework\boot\spring-boot-tomcat\4.1.1\spring-boot-tomcat-4.1.1.jar;C:\Users\Jimi\.m2\repository\org\springframework\boot\spring-boot-http-converter\4.1.1\spring-boot-http-converter-4.1.1.jar;C:\Users\Jimi\.m2\repository\org\springframework\spring-web\7.0.9\spring-web-7.0.9.jar;C:\Users\Jimi\.m2\repository\org\springframework\boot\spring-boot-webmvc\4.1.1\spring-boot-webmvc-4.1.1.jar;C:\Users\Jimi\.m2\repository\org\springframework\boot\spring-boot-servlet\4.1.1\spring-boot-servlet-4.1.1.jar;C:\Users\Jimi\.m2\repository\org\springframework\spring-webmvc\7.0.9\spring-webmvc-7.0.9.jar;C:\Users\Jimi\.m2\repository\org\springframework\spring-expression\7.0.9\spring-expression-7.0.9.jar;C:\Users\Jimi\.m2\repository\com\mysql\mysql-connector-j\9.7.0\mysql-connector-j-9.7.0.jar;C:\Users\Jimi\.m2\repository\org\projectlombok\lombok\1.18.46\lombok-1.18.46.jar;C:\Users\Jimi\.m2\repository\jakarta\xml\bind\jakarta.xml.bind-api\4.0.5\jakarta.xml.bind-api-4.0.5.jar;C:\Users\Jimi\.m2\repository\jakarta\activation\jakarta.activation-api\2.1.4\jakarta.activation-api-2.1.4.jar;C:\Users\Jimi\.m2\repository\net\bytebuddy\byte-buddy\1.18.11\byte-buddy-1.18.11.jar;C:\Users\Jimi\.m2\repository\org\springframework\spring-core\7.0.9\spring-core-7.0.9.jar;C:\Users\Jimi\.m2\repository\commons-logging\commons-logging\1.3.6\commons-logging-1.3.6.jar;C:\Users\Jimi\.m2\repository\org\springframework\boot\spring-boot-web-server\4.1.1\spring-boot-web-server-4.1.1.jar;C:\Users\Jimi\.m2\repository\org\modelmapper\modelmapper\3.2.6\modelmapper-3.2.6.jar;C:\Users\Jimi\.m2\repository\org\springframework\boot\spring-boot-validation\4.1.1\spring-boot-validation-4.1.1.jar;C:\Users\Jimi\.m2\repository\org\apache\tomcat\embed\tomcat-embed-el\11.0.24\tomcat-embed-el-11.0.24.jar;C:\Users\Jimi\.m2\repository\org\hibernate\validator\hibernate-validator\9.1.3.Final\hibernate-validator-9.1.3.Final.jar;C:\Users\Jimi\.m2\repository\jakarta\validation\jakarta.validation-api\3.1.1\jakarta.validation-api-3.1.1.jar;C:\Users\Jimi\.m2\repository\org\jboss\logging\jboss-logging\3.6.3.Final\jboss-logging-3.6.3.Final.jar;C:\Users\Jimi\.m2\repository\com\fasterxml\classmate\1.7.3\classmate-1.7.3.jar;C:\Users\Jimi\.m2\repository\org\springframework\boot\spring-boot-security\4.1.1\spring-boot-security-4.1.1.jar;C:\Users\Jimi\.m2\repository\org\springframework\security\spring-security-config\7.1.1\spring-security-config-7.1.1.jar;C:\Users\Jimi\.m2\repository\org\springframework\security\spring-security-core\7.1.1\spring-security-core-7.1.1.jar;C:\Users\Jimi\.m2\repository\org\springframework\security\spring-security-crypto\7.1.1\spring-security-crypto-7.1.1.jar;C:\Users\Jimi\.m2\repository\org\springframework\security\spring-security-web\7.1.1\spring-security-web-7.1.1.jar;C:\Users\Jimi\.m2\repository\org\springframework\spring-aop\7.0.9\spring-aop-7.0.9.jar;C:\Users\Jimi\.m2\repository\org\springframework\spring-beans\7.0.9\spring-beans-7.0.9.jar;C:\Users\Jimi\.m2\repository\io\jsonwebtoken\jjwt-api\0.12.6\jjwt-api-0.12.6.jar;C:\Users\Jimi\.m2\repository\io\jsonwebtoken\jjwt-impl\0.12.6\jjwt-impl-0.12.6.jar;C:\Users\Jimi\.m2\repository\io\jsonwebtoken\jjwt-jackson\0.12.6\jjwt-jackson-0.12.6.jar;C:\Users\Jimi\.m2\repository\com\fasterxml\jackson\core\jackson-databind\2.21.5\jackson-databind-2.21.5.jar;C:\Users\Jimi\.m2\repository\com\fasterxml\jackson\core\jackson-annotations\2.21\jackson-annotations-2.21.jar;C:\Users\Jimi\.m2\repository\com\fasterxml\jackson\core\jackson-core\2.21.5\jackson-core-2.21.5.jar
Launcher Type: SUN_STANDARD

[Global flags]
     bool AOTAdapterCaching                        = false                                  {diagnostic} {ergonomic}
     bool AOTInvokeDynamicLinking                  = false                                  {diagnostic} {ergonomic}
     bool AOTRecordTraining                        = false                                  {diagnostic} {ergonomic}
     bool AOTReplayTraining                        = false                                  {diagnostic} {ergonomic}
     bool AOTStubCaching                           = false                                  {diagnostic} {ergonomic}
     intx CICompilerCount                          = 1                                         {product} {ergonomic}
     uint ConcGCThreads                            = 1                                         {product} {ergonomic}
     uint G1ConcRefinementThreads                  = 2                                         {product} {ergonomic}
     uint G1EagerReclaimRemSetThreshold            = 10                                   {experimental} {ergonomic}
   size_t G1HeapRegionSize                         = 1048576                                   {product} {ergonomic}
     uint G1RemSetArrayOfCardsEntries              = 10                                   {experimental} {ergonomic}
     uint G1RemSetHowlMaxNumBuckets                = 8                                    {experimental} {ergonomic}
     uint G1RemSetHowlNumBuckets                   = 4                                    {experimental} {ergonomic}
   size_t InitialHeapSize                          = 8388608                                   {product} {ergonomic}
     bool IntelJccErratumMitigation                = false                             {ARCH diagnostic} {ergonomic}
   size_t MarkStackSize                            = 4194304                                   {product} {ergonomic}
   size_t MarkStackSizeMax                         = 536870912                                 {product} {ergonomic}
   size_t MaxHeapSize                              = 1579155456                                {product} {ergonomic}
   size_t MaxNewSize                               = 946864128                                 {product} {ergonomic}
 uint64_t MaxRAM                                   = 6312697856                                {product} {ergonomic}
   size_t MinHeapDeltaBytes                        = 1048576                                   {product} {ergonomic}
   size_t MinHeapSize                              = 8388608                                   {product} {ergonomic}
   size_t NonNMethodCodeHeapSize                   = 4096                                   {pd product} {ergonomic}
   size_t NonProfiledCodeHeapSize                  = 0                                      {pd product} {ergonomic}
     bool ProfileInterpreter                       = false                                  {pd product} {command line}
   size_t ProfiledCodeHeapSize                     = 0                                      {pd product} {ergonomic}
   size_t SoftMaxHeapSize                          = 1579155456                             {manageable} {ergonomic}
     intx TieredStopAtLevel                        = 1                                         {product} {command line}
     bool UseCompressedOops                        = true                           {product lp64_product} {ergonomic}
     bool UseCondCardMark                          = true                                      {product} {ergonomic}
     bool UseFastUnorderedTimeStamps               = true                                 {experimental} {ergonomic}
     bool UseG1GC                                  = true                                      {product} {ergonomic}
     bool UseLargePagesIndividualAllocation        = false                                  {pd product} {ergonomic}
      int X86ICacheSync                            = 2                                 {ARCH diagnostic} {ergonomic}

Logging:
Log output configuration:
 #0: stdout all=warning uptime,level,tags foldmultilines=false
 #1: stderr all=off uptime,level,tags foldmultilines=false

Release file:
IMPLEMENTOR="Oracle Corporation" 
JAVA_RUNTIME_VERSION="26.0.1+8-34" 
JAVA_VERSION="26.0.1" 
JAVA_VERSION_DATE="2026-04-21" 
LIBC="default" 
MODULES="java.base java.compiler java.datatransfer java.xml java.prefs java.desktop java.instrument java.logging java.management java.security.sasl java.naming java.rmi java.management.rmi java.net.http java.scripting java.security.jgss java.transaction.xa java.sql java.sql.rowset java.xml.crypto java.se java.smartcardio jdk.accessibility jdk.internal.jvmstat jdk.attach jdk.charsets jdk.internal.opt jdk.zipfs jdk.compiler jdk.crypto.cryptoki jdk.crypto.ec jdk.crypto.mscapi jdk.dynalink jdk.internal.ed jdk.editpad jdk.internal.vm.ci jdk.graal.compiler jdk.graal.compiler.management jdk.hotspot.agent jdk.httpserver jdk.incubator.vector jdk.internal.le jdk.internal.md jdk.jartool jdk.javadoc jdk.jcmd jdk.management jdk.management.agent jdk.jconsole jdk.jdeps jdk.jdwp.agent jdk.jdi jdk.jfr jdk.jlink jdk.jpackage jdk.jshell jdk.jstatd jdk.localedata jdk.management.jfr jdk.naming.dns jdk.naming.rmi jdk.net jdk.nio.mapmode jdk.sctp jdk.security.auth jdk.security.jgss jdk.unsupported jdk.unsupported.desktop jdk.xml.dom" 
OS_ARCH="x86_64" 
OS_NAME="Windows" 
SOURCE=".:git:8fcde8268d22 open:git:fcc00fc4aee7" 

Environment Variables:
JAVA_HOME=C:\Program Files\Java\jdk-26.0.1
PATH=c:\Users\Jimi\AppData\Roaming\Code\User\globalStorage\github.copilot-chat\debugCommand;c:\Users\Jimi\AppData\Roaming\Code\User\globalStorage\github.copilot-chat\copilotCli;C:\Program Files\Common Files\Oracle\Java\javapath;C:\WINDOWS\system32;C:\WINDOWS;C:\WINDOWS\System32\Wbem;C:\WINDOWS\System32\WindowsPowerShell\v1.0\;C:\WINDOWS\System32\OpenSSH\;C:\Program Files\Java\jdk-26.0.1\bin;C:\Program Files\MySQL\MySQL Server 8.0\bin;C:\Program Files\Git\cmd;C:\Program Files\nodejs\;C:\Program Files\MySQL\MySQL Shell 8.0\bin\;C:\Users\Jimi\AppData\Local\Microsoft\WindowsApps;C:\Users\Jimi\AppData\Local\Programs\Microsoft VS Code\bin;C:\Users\Jimi\AppData\Roaming\npm;c:\Users\Jimi\.vscode\extensions\vscjava.vscode-java-debug-0.59.0\bundled\scripts\noConfigScripts
USERNAME=Jimi
LANG=en_US.UTF-8
OS=Windows_NT
PROCESSOR_IDENTIFIER=AMD64 Family 23 Model 32 Stepping 1, AuthenticAMD
TMP=C:\Users\Jimi\AppData\Local\Temp
TEMP=C:\Users\Jimi\AppData\Local\Temp




Compilation memory statistics disabled.

Periodic native trim disabled

---------------  S Y S T E M  ---------------

OS:
 Windows 11 , 64 bit Build 26100 (10.0.26100.9444)
OS uptime: 2 days 22:46 hours

CPU: total 2 (initial active 2) (2 cores per cpu, 1 threads per core) family 23 model 32 stepping 1 microcode 0x8200103, cx8, cmov, fxsr, mmx, 3dnowpref, sse, sse2, sse3, ssse3, sse4a, sse4.1, sse4.2, popcnt, lzcnt, tsc, tscinvbit, avx, avx2, aes, clmul, bmi1, bmi2, adx, sha, fma, vzeroupper, clflush, clflushopt, rdtscp, f16c
Processor Information for the first 2 processors :
  Max Mhz: 1200, Current Mhz: 1200, Mhz Limit: 1200

Memory: 4k page, system-wide physical 6020M (518M free)
TotalPageFile size 20894M (AvailPageFile size 0M)
current process WorkingSet (physical memory assigned to process): 227M, peak: 227M
current process commit charge ("private bytes"): 250M, peak: 250M

vm_info: Java HotSpot(TM) 64-Bit Server VM (26.0.1+8-34) for windows-amd64 JRE (26.0.1+8-34), built on 2026-03-10T17:24:10Z with MS VC++ 17.13 (VS2022)

END.
